Artist,yt_id,upload_year,lowlevel.spectral_centroid.dmean,lowlevel.spectral_centroid.dmean2,lowlevel.spectral_contrast_coeffs.dvar.5,tonal.hpcp.dvar2.18,lowlevel.spectral_contrast_coeffs.dvar2.5,tonal.hpcp.dvar2.17,lowlevel.spectral_contrast_coeffs.dvar2.3,lowlevel.barkbands_spread.dvar2,tonal.hpcp.median.19,tonal.hpcp.var.30,lowlevel.spectral_contrast_coeffs.dmean.5,tonal.hpcp.dvar2.7,tonal.hpcp.median.1,lowlevel.spectral_contrast_valleys.dvar2.1,lowlevel.spectral_contrast_coeffs.dmean2.5,lowlevel.erbbands.median.4,tonal.hpcp.median.18,lowlevel.spectral_contrast_coeffs.dmean2.3,tonal.hpcp.var.1,tonal.hpcp.dvar.18,tonal.hpcp.dvar2.12,tonal.hpcp.dvar2.28,tonal.hpcp.median.13,lowlevel.spectral_contrast_coeffs.dvar2.4,lowlevel.melbands.var.13,lowlevel.erbbands.median.2,lowlevel.melbands.var.25,tonal.hpcp.dvar2.10,lowlevel.erbbands_flatness_db.dvar,tonal.hpcp.dvar2.23,tonal.hpcp.median.9,tonal.hpcp.dvar2.13,lowlevel.gfcc.icov.5.5,lowlevel.gfcc.cov.8.8,tonal.hpcp.median.34,tonal.hpcp.median.10,tonal.hpcp.dvar2.33,lowlevel.spectral_centroid.dvar,lowlevel.spectral_contrast_coeffs.dmean2.2,lowlevel.melbands.var.27,lowlevel.melbands.var.19,lowlevel.spectral_contrast_coeffs.dmean.1,lowlevel.spectral_contrast_coeffs.dmean2.4,lowlevel.barkbands_skewness.var,lowlevel.spectral_spread.dmean2,tonal.hpcp.dvar2.8,tonal.hpcp.median.27,tonal.hpcp.dvar2.9,lowlevel.spectral_contrast_coeffs.median.3,lowlevel.barkbands.var.15,tonal.hpcp.dvar2.35,tonal.hpcp.var.27,lowlevel.erbbands_spread.dvar2,tonal.hpcp.median.0,lowlevel.barkbands_kurtosis.median,lowlevel.barkbands.var.13,tonal.hpcp.dvar2.26,tonal.hpcp.median.31,lowlevel.barkbands.var.6,tonal.hpcp.var.3,lowlevel.silence_rate_60dB.var,lowlevel.spectral_centroid.dvar2,tonal.hpcp.var.10,lowlevel.erbbands_flatness_db.dvar2,lowlevel.melbands.var.31,tonal.hpcp.median.3,lowlevel.barkbands.median.10,tonal.hpcp.var.33,lowlevel.pitch_salience.dvar2,lowlevel.melbands.median.1,tonal.hpcp.dvar2.6,tonal.hpcp.var.9,tonal.hpcp.median.12,lowlevel.mfcc.cov.0.0,lowlevel.erbbands.var.6,tonal.hpcp.var.6,lowlevel.erbbands.median.0,tonal.hpcp.dvar.25,tonal.hpcp.dvar2.0,lowlevel.mfcc.cov.3.3,tonal.hpcp.var.0,lowlevel.erbbands.max.7,tonal.hpcp.var.7,lowlevel.gfcc.cov.6.6,tonal.hpcp.dvar2.21,tonal.hpcp.median.15,lowlevel.spectral_contrast_coeffs.dmean.4,lowlevel.melbands.var.20,lowlevel.melbands_kurtosis.median,lowlevel.spectral_contrast_coeffs.median.1,lowlevel.spectral_contrast_valleys.dvar2.2,lowlevel.barkbands.var.18,tonal.hpcp.dvar.23,lowlevel.gfcc.mean.10,lowlevel.spectral_contrast_coeffs.dmean2.1,tonal.hpcp.median.30,tonal.hpcp.var.12
BOSSFIGHT,1GMBxi-71Ks,A2011-12,292.270355225,451.981445312,0.000272662902717,0.0964313670993,0.00063025316922,0.105504706502,0.00205374811776,151.855651855,0.00443047331646,0.0365459918976,0.017097780481,0.319377660751,0.015218295157,0.548294603825,0.0275752972811,1.06364154816,0.00703109428287,0.0551918782294,0.0570027530193,0.0357962325215,0.0589331164956,0.0818837583065,0.00436300830916,0.000846464419737,7.26351379043E-09,2.78210830688,3.03591790596E-10,0.105873420835,0.000450868130429,0.105118855834,0.0287836156785,0.0598921850324,0.00974427349865,210.855026245,0.00503211701289,0.0247109346092,0.108931869268,96950.40625,0.0708154961467,4.2863865235E-10,2.35802910531E-09,0.0511675514281,0.0347635596991,10.8236255646,769200,0.175147265196,0.00626626750454,0.116276890039,-0.773332595825,2.97705753383E-07,0.0787764191628,0.0260099358857,271.055755615,0.0160253308713,4.67543172836,5.30197951321E-07,0.107590697706,0.00906530674547,2.01990701498E-06,0.0598943009973,0.161136552691,209527.390625,0.0539953038096,0.000932702445425,1.14373448212E-10,0.0143752908334,0.000187803758308,0.0261607076973,0.0206755269319,0.00327875465155,0.198015958071,0.0523318760097,0.00509373564273,16868.7988281,151.431243896,0.0484416000545,0.504816889763,0.054438598454,0.0979301556945,295.640289307,0.0463205911219,262.938201904,0.074954226613,213.219940186,0.0688199549913,0.0116969691589,0.02108906582,4.41353259495E-10,19.974067688,-0.77993273735,0.332060724497,2.0895338082E-07,0.0505186580122,-16.098613739,0.0856820419431,0.00827194657177,0.0131405387074
BOSSFIGHT,7wyeZPVlDRY,A2011-12,311.262481689,468.345336914,0.000263282039668,0.163120791316,0.00062276259996,0.149849817157,0.00160548090935,149.777938843,0.00585016142577,0.0223954934627,0.0166442915797,0.127790823579,0.0362070947886,0.906751036644,0.0270704012364,1.2580922842,0.0117814587429,0.0478857606649,0.107751712203,0.0604519583285,0.080384105444,0.0303755700588,0.00675492594019,0.000945679261349,6.16627815475E-09,1.56877481937,1.07016777384E-10,0.109107799828,0.000381086982088,0.127507835627,0.0131218396127,0.0842260271311,0.0100227678195,178.407073975,0.00619239825755,0.012592503801,0.0726314559579,97217.515625,0.0622830875218,2.23166971014E-10,1.03041148947E-08,0.0478404574096,0.0356790088117,7.94190120697,948140,0.112809240818,0.00549678737298,0.126417979598,-0.818698763847,1.31575757223E-06,0.104261443019,0.0180778317153,330.655609131,0.0331695526838,8.31520843506,3.18459484561E-07,0.0526412688196,0.00674690678716,2.27985378842E-06,0.0495704971254,0.106644622982,207055.875,0.0590113960207,0.000727552047465,3.98230511067E-11,0.01020543091,0.000110109256639,0.0241794027388,0.0199777297676,0.00278277695179,0.146294042468,0.0591553747654,0.00583302369341,12190.2988281,72.7361221313,0.0435198955238,0.777717828751,0.0471595525742,0.258549302816,504.662078857,0.07710596174,125.325309753,0.0398985035717,283.84362793,0.131733283401,0.0275951325893,0.022072872147,2.77463008125E-09,38.7962226868,-0.796488344669,0.774542212486,6.71239277494E-08,0.0635300278664,-14.1947002411,0.0792572647333,0.00629268679768,0.0253923684359
BOSSFIGHT,dX5Fgs2nRVE,A2011-12,275.225830078,409.271575928,0.000348222878529,0.0528297610581,0.000659876794089,0.0619922950864,0.00187281006947,112.767723083,0.0140572590753,0.109736062586,0.0207362510264,0.092642955482,0.0747754648328,0.745327889919,0.0308862645179,1.07725477219,0.0154174715281,0.0538408532739,0.0476163774729,0.0195639710873,0.0660030469298,0.0650913566351,0.0210577901453,0.00107142096385,1.48678140022E-07,0.849489092827,1.2671901306E-09,0.0768769010901,0.000831309065688,0.0874327495694,0.0377123430371,0.0627590119839,0.0069228685461,206.680679321,0.0387737080455,0.0306073911488,0.227221891284,162614.40625,0.0672490149736,5.06427344504E-10,5.44259037838E-09,0.0498615913093,0.0392676219344,3.91858458519,904124.6875,0.0925626829267,0.0240763872862,0.101780503988,-0.750149846077,5.89412877616E-07,0.199794098735,0.0453542768955,209.468185425,0.123716309667,-0.205731153488,6.41061933493E-06,0.0537163168192,0.0343130379915,1.97737836061E-06,0.0168888960034,0.075744189322,351596.25,0.0421747006476,0.00152324978262,1.05582015353E-10,0.0118809547275,0.000276410166407,0.0632036104798,0.014776927419,0.0013706642203,0.116046816111,0.105076856911,0.0256793685257,14045.5673828,54.7691459656,0.0888709574938,0.0585908219218,0.0203201137483,0.148434773088,425.184967041,0.129312425852,74.9660186768,0.0398726128042,333.66986084,0.0825427249074,0.0531351454556,0.0258906353265,2.7499109656E-09,3.25104117393,-0.748211860657,0.500393629074,4.94237440307E-07,0.0328016616404,-16.2349090576,0.0818386748433,0.0462694168091,0.035296164453
BOSSFIGHT,F0w08-xNV6k,A2011-12,409.559082031,645.516662598,0.000631167087704,0.158094644547,0.0012739803642,0.178775832057,0.00230497727171,301.486602783,0.013049993664,0.031616769731,0.0257876459509,0.0875946804881,0.0955338850617,1.6039955616,0.038423564285,2.22924566269,0.0278392601758,0.0596427172422,0.114385083318,0.0628821924329,0.133787229657,0.0724930986762,0.0296815410256,0.00164415105246,6.93442192556E-09,1.25703787804,2.32709379544E-10,0.108295336366,0.00138134567533,0.111070536077,0.0277517009526,0.19003559649,0.00996762979776,196.49432373,0.0237058661878,0.0239696502686,0.195695027709,198988.3125,0.0675854533911,2.02700398133E-10,4.54204895917E-09,0.0531186386943,0.0447804704309,20.335187912,1356411.25,0.0956562831998,0.0157979801297,0.110148333013,-0.803680896759,6.52525443456E-07,0.151708304882,0.0209460500628,504.832122803,0.0982273221016,3.752191782,0.0000013885315866,0.0921763107181,0.0132282152772,4.31417720392E-06,0.0270417649299,0.140497356653,421534.15625,0.0312663689256,0.00241120252758,1.27888102885E-10,0.020191963762,0.000105226732558,0.0604893490672,0.0373444110155,0.00084795197472,0.10546784848,0.0321844518185,0.0217798985541,24502.4882812,111.342414856,0.0249552801251,0.0265967845917,0.0696468278766,0.175836876035,440.824798584,0.0879018008709,188.470077515,0.0226249974221,350.047027588,0.0632514134049,0.106042452157,0.0292239673436,1.73740388743E-09,13.9355192184,-0.770403325558,1.29884266853,1.23591775036E-07,0.0440686866641,-17.1812896729,0.0851439833641,0.0135162416846,0.0362817496061
BOSSFIGHT,W9KXK5D1mjY,A2011-12,213.482437134,331.872467041,0.000411152868764,0.10373685509,0.000848686031532,0.0939723104239,0.00206710095517,129.294342041,0.0182861834764,0.100749641657,0.0207843407989,0.104898713529,0.0391012690961,0.462675213814,0.0320822931826,1.3094227314,0.0242866612971,0.0535686798394,0.082719296217,0.0370289832354,0.0591805242002,0.0465801954269,0.0201384909451,0.00125575310085,3.1861326022E-08,1.01454377174,6.02178085174E-10,0.0982097163796,0.000711563276127,0.0893540158868,0.0292647182941,0.0565883032978,0.0112724760547,155.513046265,0.0221800394356,0.0270544867963,0.130819931626,59746.4140625,0.0636276751757,9.24605114694E-10,1.17296856672E-08,0.0446603856981,0.0402009151876,2.54462075233,827017.3125,0.0766593888402,0.033393945545,0.101910211146,-0.772052228451,1.12994598567E-06,0.13352945447,0.0305156335235,116.035743713,0.0363698750734,-0.25089597702,5.98779979555E-06,0.0343747809529,0.121823489666,1.25603526158E-06,0.0204959958792,0.0811844468117,124816,0.055360224098,0.00120280776173,1.07832923146E-10,0.0158310476691,0.000237079089857,0.030480446294,0.0154583035037,0.000853607547469,0.102014645934,0.0476801730692,0.0219754502177,12601.9482422,60.399055481,0.0671334862709,0.184239909053,0.0279440172017,0.128237336874,277.114990234,0.0786398053169,163.562561035,0.0818882286549,285.071685791,0.10116161406,0.063279107213,0.0247451942414,5.84429571404E-09,3.84905004501,-0.7671828866,0.366770714521,3.47335344486E-07,0.0396850146353,-16.4646873474,0.0736732929945,0.104322180152,0.0166719052941
BOSSFIGHT,3H-ljfkVLYk,A2011-12,244.070510864,390.358459473,0.000263142719632,0.128814727068,0.000671317277011,0.0931210294366,0.00208356883377,100.979866028,0.140195518732,0.0367214269936,0.017128335312,0.182048499584,0.0170652717352,0.487129032612,0.0282176360488,2.81681442261,0.103730395436,0.0556860938668,0.0343020744622,0.0513094477355,0.124059252441,0.0451542213559,0.0826154202223,0.00119934964459,2.2892312046E-08,1.46419787407,2.7284371984E-10,0.116124428809,0.000281880958937,0.091760776937,0.0493777021766,0.14551256597,0.0117022311315,133.694458008,0.0792145878077,0.0517511740327,0.109229817986,66838.6484375,0.0674872323871,2.85796886157E-10,1.9766329018E-08,0.0496825091541,0.0382680036128,3.94708395004,594192.8125,0.166328921914,0.0155130205676,0.140104964375,-0.782908797264,2.17436149796E-06,0.113829053938,0.03208373487,95.8262557983,0.0188005622476,0.882939577103,2.10387815969E-06,0.0503131560981,0.034941803664,3.42462931258E-06,0.0759481191635,0.109207168221,164254.515625,0.0679031312466,0.000540314242244,4.59144805509E-11,0.0758519545197,0.000222310132813,0.0684908553958,0.0191403646022,0.00104311702307,0.17412956059,0.0703467950225,0.0787530094385,14141.8652344,315.384155273,0.0546195618808,0.117514386773,0.0407953560352,0.126482948661,228.751159668,0.0330463834107,210.147796631,0.05343433097,135.483718872,0.0988044366241,0.0306811891496,0.0241782553494,2.96732660665E-09,5.60771274567,-0.745872855186,0.359803378582,1.71424645146E-07,0.0353469289839,-21.4638710022,0.0814385265112,0.0358734689653,0.105274409056
BOSSFIGHT,4_14zuC1jL0,A2011-12,315.285369873,488.740875244,0.000257079693256,0.0813296586275,0.000639941950794,0.0772823989391,0.00210727797821,168.315353394,0.0351583845913,0.0124740609899,0.0179948024452,0.144065380096,0.0126554984599,0.610684394836,0.0287703201175,3.53854179382,0.0317889899015,0.0579928196967,0.0781287997961,0.0315882377326,0.128291398287,0.0567247644067,0.0602805390954,0.001192728756,1.04393391709E-08,0.616338014603,4.10419254138E-10,0.0944118350744,0.000403908197768,0.116852998734,0.0162466261536,0.138490542769,0.0126514183357,122.189620972,0.0992175489664,0.0129414601251,0.182574078441,109626.640625,0.0757577940822,2.30444219262E-10,2.89718138369E-09,0.0565455779433,0.0421662405133,1.4622490406,773547.6875,0.0828298255801,0.0246443971992,0.0824075639248,-0.766950786114,2.68116451707E-07,0.127120599151,0.028287474066,148.388671875,0.0164585821331,1.31217074394,1.87629416359E-06,0.0323028378189,0.00940602086484,5.01481963511E-06,0.0171116646379,0.131970688701,212829.265625,0.0224927701056,0.000769520294853,3.56673961199E-11,0.0127271674573,0.000233988306718,0.105224482715,0.020104765892,0.000489411875606,0.123601205647,0.022236071527,0.0544294565916,16299.0449219,400.372375488,0.0644653588533,0.0886941850185,0.0293986722827,0.127600297332,381.43157959,0.0801291316748,248.257537842,0.0994635596871,222.930557251,0.12128982693,0.0131566831842,0.0265991166234,1.40308409335E-09,9.41685676575,-0.727878689766,0.461546480656,3.18284804735E-07,0.0471231564879,-16.1788406372,0.0917133837938,0.00989120732993,0.0916019976139
BOSSFIGHT,57c94il3Eng,A2011-12,257.084533691,383.054412842,0.000269033829682,0.115724354982,0.000666609150358,0.106484115124,0.0016010022955,96.9967422485,0.0141170388088,0.0967925563455,0.0162786543369,0.105312608182,0.0388033986092,0.857206106186,0.0266481377184,3.77157044411,0.0212456509471,0.0484570860863,0.0733809992671,0.0469244047999,0.0757915005088,0.104105390608,0.0108275059611,0.000751681101974,5.12474969128E-08,2.768191576,3.56581625338E-10,0.0971790775657,0.000845612201374,0.130816712976,0.0251768529415,0.0712196007371,0.015664415434,138.876098633,0.00806089956313,0.0261246431619,0.103767886758,116080.671875,0.0685024186969,1.44737763441E-10,2.47110087948E-09,0.0471660941839,0.0344320721924,5.15725469589,679936.125,0.0971843823791,0.0101980371401,0.100965768099,-0.796197116375,2.91257805429E-07,0.140822783113,0.0255429856479,247.399108887,0.0356020927429,1.0142583847,2.31203239309E-06,0.108956880867,0.0759613066912,3.68978408005E-06,0.082519210875,0.0932665914297,236101.90625,0.0499819815159,0.00171119568404,1.10187317603E-10,0.0569557547569,0.000379760487704,0.0239603538066,0.0170864462852,0.00199861521833,0.118501760066,0.0408636629581,0.0139933563769,23270.5371094,145.704223633,0.0274013187736,0.232244431973,0.0557726807892,0.181151285768,463.207641602,0.0602951236069,214.80027771,0.0228456519544,186.583511353,0.084287405014,0.0708038732409,0.0210429821163,9.35814759018E-10,7.15331077576,-0.758557140827,0.795917749405,1.47457498656E-07,0.0470311418176,-16.0060405731,0.0778292268515,0.0613889023662,0.0176681298763
BOSSFIGHT,74S2RwVaynI,A2011-12,286.276550293,445.369659424,0.000530373130459,0.0977120175958,0.00132985890377,0.0969216302037,0.00174988911022,137.616043091,0.0169892385602,0.0706544592977,0.0191734675318,0.142283082008,0.115134954453,0.52604675293,0.0315444730222,2.83917665482,0.023845911026,0.0519659519196,0.125301390886,0.0356873460114,0.105719670653,0.0519547574222,0.02744965069,0.000996331335045,6.89340566851E-08,1.97421216965,3.89261040068E-10,0.140644058585,0.000264819274889,0.0902175977826,0.0727773159742,0.0842908993363,0.0140572246164,116.58026886,0.0230647046119,0.0792574584484,0.181799858809,93545.671875,0.070013359189,1.81534967614E-10,8.4514351073E-09,0.0480834692717,0.0387216024101,1.50319266319,625661.5625,0.129434630275,0.0205617323518,0.15976010263,-0.755974829197,1.00157888028E-06,0.170151427388,0.0248365383595,122.675979614,0.113186694682,0.190379142761,1.30720832203E-06,0.0365313887596,0.0693249851465,1.66958204773E-06,0.0361569672823,0.118595950305,199744.265625,0.0846664682031,0.000545672664884,5.23503670968E-11,0.0169994570315,0.000368247216102,0.0570061914623,0.0161435548216,0.00152488832828,0.130379542708,0.0808127745986,0.0298503469676,14170.2949219,145.847793579,0.0701767206192,0.145048066974,0.0354340523481,0.171947091818,171.960189819,0.11873356998,194.153182983,0.0918972119689,220.533966064,0.0661060586572,0.0649950653315,0.0241755582392,3.41255845804E-09,7.13359737396,-0.747413694859,0.400369822979,1.73974669337E-07,0.0351415760815,-16.6615543365,0.0805721506476,0.0602211728692,0.0401042029262
BOSSFIGHT,8tUuU3fjTiA,A2011-12,325.807342529,508.622741699,0.000416164082708,0.176995769143,0.00103565340396,0.137885540724,0.00258919037879,249.741699219,0.0239960178733,0.0426664538682,0.0196290239692,0.115945100784,0.0119913499802,1.39493870735,0.0320931896567,0.721888840199,0.0285813696682,0.0584517419338,0.0341042913496,0.0669602677226,0.0946885421872,0.0204618982971,0.0080035245046,0.00122102384921,5.12768494332E-08,0.626655161381,1.63892177607E-10,0.176574334502,0.000566598202568,0.0658970102668,0.0886694267392,0.0908453315496,0.0171184688807,248.096069336,0.00895621068776,0.0984972342849,0.0880658105016,210475.25,0.0746985301375,1.09462695852E-10,8.56374082758E-10,0.0542036704719,0.0388793796301,5.16171789169,954028.1875,0.122840240598,0.00719109922647,0.153994768858,-0.79454344511,1.54705134037E-07,0.108573287725,0.0107060549781,334.777984619,0.0125289577991,3.26620101929,5.64674678571E-07,0.0271649826318,0.0407011732459,3.39905182045E-06,0.0517324842513,0.152617454529,479018.375,0.138087376952,0.0010258348193,5.71627918611E-11,0.0252906568348,0.00011599589925,0.035572424531,0.0234309118241,0.000576249440201,0.103025995195,0.120413191617,0.00910752825439,24393.0273438,78.0520935059,0.0250419396907,0.0879835933447,0.0384586565197,0.0896868258715,515.71105957,0.02988470532,208.74810791,0.0287126749754,300.51260376,0.0578896403313,0.0272495895624,0.0245371945202,8.62603044549E-10,11.0708284378,-0.732622742653,1.32007646561,1.0709818099E-07,0.0326319932938,-16.1195926666,0.0880632773042,0.0349077284336,0.0234031882137
BOSSFIGHT,g1isQVgBHDQ,A2011-12,269.686401367,415.142333984,0.000384438957553,0.145682841539,0.000871490279678,0.100352317095,0.00296876975335,146.706954956,0.0927530452609,0.129591345787,0.0205541104078,0.0646146386862,0.0187261924148,1.04949533939,0.0327407643199,0.621039748192,0.148645564914,0.063542753458,0.0242801178247,0.0732705369592,0.0593204833567,0.0526313297451,0.0128103727475,0.00129700405523,2.83193681838E-08,0.439932703972,3.28539334626E-10,0.0811962857842,0.000819094537292,0.211681425571,0.0387342274189,0.0678828060627,0.00827731750906,281.847442627,0.0267356969416,0.0319082550704,0.134117409587,115793.601562,0.0718822479248,3.69692304547E-10,9.29479215817E-10,0.0547574423254,0.0396997965872,3.94365501404,973827.125,0.079550974071,0.0102053880692,0.122571080923,-0.768659293652,1.37469015726E-07,0.089654751122,0.0168776232749,249.662948608,0.0174556337297,1.03633642197,0.0000040732297748,0.0858618617058,0.0970690846443,0.0000020552697606,0.0885142832994,0.111724831164,256534.296875,0.0379276648164,0.00161525793374,1.19570395252E-10,0.0750442817807,0.00019773512031,0.0813501998782,0.0204582437873,0.000341854058206,0.0626267790794,0.0955672711134,0.0116016734391,18980.2753906,70.805809021,0.0227612387389,0.0429427847266,0.0404953472316,0.0821245461702,738.444763184,0.0205403994769,132.208267212,0.0196372196078,310.368988037,0.0843334496021,0.0421638637781,0.0245424490422,9.10666209109E-10,4.95280456543,-0.730213165283,0.894653618336,2.20107267523E-07,0.0801037847996,-15.6383905411,0.0901403576136,0.146350234747,0.0161396060139
BOSSFIGHT,gR4iFDXmpAw,A2011-12,387.723693848,614.633239746,0.00035701476736,0.0872397422791,0.000863190740347,0.0789693817496,0.00184645794798,264.610595703,0.0171804241836,0.0734705105424,0.0187006201595,0.179721176624,0.0113958707079,0.910692870617,0.0303661767393,2.935100317,0.0191998314112,0.0531162582338,0.0679757148027,0.0311415400356,0.129988640547,0.1677236408,0.00806932803243,0.000917804834899,1.17959020329E-08,3.23872518539,3.191093223E-10,0.195347353816,0.0011217428837,0.108328312635,0.0495639182627,0.125481650233,0.00598020199686,183.544021606,0.0179674644023,0.0515338070691,0.194029033184,189762.953125,0.0676667839289,2.50293424875E-10,3.12948356118E-09,0.0507572703063,0.036467846483,6.46160411835,902807.4375,0.17659561336,0.00728284148499,0.19167996943,-0.794956326485,4.04261015774E-07,0.258438378572,0.0280438065529,380.775512695,0.0146272201091,3.33216094971,7.1068205898E-07,0.0578478612006,0.0582026578486,1.20871015952E-06,0.0358922109008,0.0486408211291,459659.1875,0.109328314662,0.00189219752792,1.03210377744E-10,0.014916235581,0.000204974523513,0.0768937990069,0.0248071476817,0.00290936464444,0.156217113137,0.0995755493641,0.00940358266234,14201.1943359,194.042541504,0.03774285689,0.543798327446,0.0395677685738,0.306485027075,238.561401367,0.0880140736699,146.413146973,0.049426138401,336.349578857,0.0465538017452,0.0216250121593,0.0224502570927,1.31637190037E-09,21.2509231567,-0.773280739784,0.729904294014,1.77894776243E-07,0.0408059842885,-13.893409729,0.0832465812564,0.0475946292281,0.0343546196818
BOSSFIGHT,LREYOaVUbLc,A2011-12,354.522888184,542.750183105,0.00037137887557,0.147208824754,0.000880631036125,0.160286650062,0.00206970167346,330.77923584,0.0139215923846,0.118936985731,0.0206721443683,0.145419567823,0.0464162379503,1.01286673546,0.0331981778145,1.02316570282,0.0197483357042,0.0561202168465,0.0695169270039,0.0524911656976,0.107967451215,0.123907588422,0.0180014353245,0.00126125791576,2.25683631783E-08,1.74629426003,4.17919920892E-10,0.152251064777,0.000617787183728,0.10479876399,0.0263780672103,0.105341352522,0.00864557549357,154.523849487,0.0127128353342,0.0276639722288,0.146756768227,172124.15625,0.0762540996075,2.73073813561E-10,1.79087422669E-09,0.0567163228989,0.0427908375859,10.4587163925,874821.5,0.147980421782,0.0145281208679,0.152257397771,-0.794822454453,3.42846249168E-07,0.16417299211,0.0358078591526,306.773742676,0.0381771139801,1.63741803169,4.54088279866E-07,0.105575419962,0.136398911476,5.72702765567E-06,0.0682167708874,0.12381773442,342466.8125,0.0694628953934,0.00129225151613,8.49641954015E-11,0.0402233935893,0.000111292698421,0.0384849607944,0.0212577413768,0.00124915223569,0.172413676977,0.066993586719,0.018808927387,17789.9042969,198.685638428,0.0495065636933,0.178546622396,0.0484524071217,0.192815423012,548.296325684,0.0645100027323,321.211090088,0.0398159436882,252.031433105,0.0657916665077,0.0750484019518,0.0276996083558,1.77213210772E-09,10.5984134674,-0.752934813499,0.92939299345,2.02036858354E-07,0.0379171073437,-14.2561292648,0.0924579575658,0.132524013519,0.035181004554
BOSSFIGHT,PD_LKAFBsxk,A2011-12,296.946899414,453.785217285,0.00039188133087,0.0926352441311,0.000945713603869,0.108921132982,0.00245338887908,133.59312439,0.026216045022,0.0356098599732,0.0206005573273,0.13508926332,0.193983644247,0.944983184338,0.0326400436461,1.04185509682,0.0319065079093,0.0575641058385,0.119418092072,0.0330706052482,0.1065460518,0.0585938841105,0.0522222705185,0.00128917745315,4.10915745874E-08,0.754979074001,2.92950941283E-10,0.15197840333,0.00093969743466,0.0892214030027,0.0432453379035,0.116277389228,0.00877055898309,158.208908081,0.0577277168632,0.0411697886884,0.170063227415,118314.53125,0.0760783702135,1.6920265189E-10,2.1622028612E-09,0.0535133071244,0.042009409517,3.78633642197,926052.25,0.168762266636,0.0430528074503,0.170977920294,-0.808680355549,3.17595834076E-07,0.241035759449,0.0445383004844,397.828521729,0.182804256678,1.41226387024,6.17271371084E-06,0.0639065057039,0.0317751541734,1.81051564141E-06,0.0427787564695,0.169470652938,233044.5,0.0576303079724,0.00203607790172,3.93999069481E-11,0.0364067256451,0.000198393041501,0.0579659566283,0.0301888864487,0.000823374139145,0.119313903153,0.0576847046614,0.0500895604491,28343.8457031,249.529800415,0.0326302498579,0.118234053254,0.0392781049013,0.261283218861,581.099243164,0.111906021833,184.169845581,0.0401595793664,231.993377686,0.11070086807,0.0874522328377,0.0259556509554,1.14198461798E-09,5.82590007782,-0.783791780472,0.931366980076,1.45694357911E-07,0.0367470532656,-14.5571718216,0.0895892754197,0.0319827795029,0.0422152020037
BOSSFIGHT,PteZ2d3UeTo,A2011-12,288.016693115,448.300384521,0.000204170442885,0.0705712735653,0.000496708846185,0.0755724981427,0.00191085552797,127.284553528,0.0217811390758,0.0438012517989,0.0169031005353,0.155042380095,0.0366070643067,0.830732524395,0.0268522892147,0.655219972134,0.0293394364417,0.0534223392606,0.0676365867257,0.0265316646546,0.0961804166436,0.109967522323,0.0498320162296,0.000929480418563,1.56978103405E-07,0.524308800697,4.34128899496E-10,0.088630631566,0.000579656159971,0.0978479087353,0.0200265720487,0.0978875532746,0.0119745666161,233.742858887,0.0164669156075,0.013662673533,0.0956463068724,94866.3359375,0.0796735882759,1.72749814453E-10,2.70738409469E-09,0.0582220554352,0.0373112894595,7.26405572891,762052.3125,0.14622938633,0.067976616323,0.131064772606,-0.802575230598,6.22655534244E-07,0.0892284363508,0.0618908703327,178.637832642,0.0420492775738,1.19349765778,7.86086900462E-07,0.0520696938038,0.0186923537403,4.51218784292E-06,0.026950949803,0.118916496634,213524.625,0.0240784864873,0.00114229682367,1.29781838054E-10,0.0207373201847,0.000265388458502,0.0269916485995,0.0193081870675,0.00101756223012,0.145193457603,0.0394211262465,0.0443120151758,14766.0224609,82.5737915039,0.10335341841,0.0875746011734,0.0364527367055,0.115029744804,444.658630371,0.0590893886983,161.703964233,0.14698369801,325.36126709,0.0846996381879,0.039463866502,0.0227122344077,4.00663235922E-09,7.36271476746,-0.768582105637,0.650066077709,2.06487655419E-07,0.0450003817677,-15.2552137375,0.0970812514424,0.0184198468924,0.0518760867417
BOSSFIGHT,thFFCc7H9EI,A2011-12,369.051177979,608.599243164,0.00027344780392,0.115042284131,0.000695159542374,0.0966806560755,0.00171424658038,199.704208374,0.0775910615921,0.0728812813759,0.0175176039338,0.121024616063,0.0154655817896,1.11776816845,0.028631882742,2.97290658951,0.0664901658893,0.0522869341075,0.0288728103042,0.0455383919179,0.100333817303,0.0796851962805,0.0100468406454,0.00102815544233,2.00092973301E-08,1.79837286472,3.70563829621E-10,0.170057460666,0.000206856479053,0.140868648887,0.135290309787,0.0832288712263,0.00942419376224,142.575363159,0.0204330701381,0.138793304563,0.12914134562,181695.515625,0.0650742724538,4.02570116131E-10,3.12586356799E-09,0.0497226715088,0.0393623411655,76.0785675049,741369.3125,0.124905243516,0.0140538709238,0.153122082353,-0.782611489296,4.4112405817E-07,0.121265277267,0.0176142118871,417.268188477,0.0165013112128,1.66368484497,8.26901384698E-07,0.0869745090604,0.112972810864,1.18711500363E-06,0.0670487731695,0.148536354303,452432.71875,0.133889228106,0.000438854563981,8.07971120564E-11,0.047429010272,0.000229618293815,0.0550074018538,0.0311634149402,0.00116394844372,0.141390100121,0.107245869935,0.0146751776338,17118.2460938,133.234024048,0.0384249649942,0.117416709661,0.0480876900256,0.118642419577,314.736022949,0.0273280292749,163.083816528,0.0410171188414,218.499908447,0.131387189031,0.0411555096507,0.0246422886848,1.69978264797E-09,10.5995769501,-0.750347197056,1.03468000889,1.90143822465E-07,0.0513599179685,-16.2765350342,0.0817893669009,0.0893365591764,0.0232649426907
BOSSFIGHT,3I04XSCLh4g,A2015-19,343.96282959,526.306518555,0.000299554521916,0.0787355899811,0.000730061728973,0.0933052971959,0.00178738043178,217.112503052,0.0159918367863,0.0450300984085,0.0193410590291,0.102770015597,0.0132841840386,0.576384544373,0.0312002915889,1.11737656593,0.0191192701459,0.0501429401338,0.028033958748,0.028213519603,0.107046872377,0.07063613832,0.0115079106763,0.000856057275087,2.58864574221E-08,0.767849087715,3.41688427552E-10,0.160933718085,0.000283204310108,0.120260335505,0.0504011064768,0.0901308059692,0.0143436864018,196.016479492,0.0224223807454,0.0537465438247,0.13046823442,146766.390625,0.0665096119046,2.59460147811E-10,7.27275351053E-09,0.0534550063312,0.0359818935394,4.61713552475,862463.3125,0.125651791692,0.0116585809737,0.157845973969,-0.812485396862,9.33910655476E-07,0.125224962831,0.0194663647562,267.096740723,0.0145966112614,3.19760155678,8.70363635386E-07,0.11744517833,0.0206452161074,0.0000043978834583,0.0483992248774,0.100159041584,325153.40625,0.102138288319,0.00061947084032,1.28084709505E-10,0.0172751098871,0.000233847007621,0.0546017996967,0.0209508538246,0.000981357181445,0.104522250593,0.0847029387951,0.0127808563411,20735.4355469,790.715026855,0.0236636195332,0.183937355876,0.0606945417821,0.11088052392,314.435882568,0.0309249162674,635.362182617,0.0242269262671,273.852996826,0.0726840049028,0.0124165825546,0.0224524252117,1.95982252649E-09,13.1723155975,-0.774326384068,0.405295938253,2.61477310914E-07,0.0452433861792,-12.4998378754,0.086749188602,0.0166180878878,0.0425857044756
BOSSFIGHT,-5EPVLhgSYg,A2015-19,380.686828613,595.319702148,0.00020484837296,0.0585189759731,0.000524863484316,0.0668785721064,0.00197813240811,290.696105957,0.00851452257484,0.032012488693,0.0169690847397,0.0988483801484,0.0157888755202,0.820623755455,0.0274901725352,4.54238557816,0.00878294929862,0.0493932850659,0.0746819600463,0.0203629601747,0.0976110771298,0.15365870297,0.0971955284476,0.00107123458292,3.81596931831E-09,1.52197217941,1.87808546492E-10,0.0771320983768,0.000394906470319,0.119614042342,0.00741677405313,0.125165656209,0.0093414997682,239.18397522,0.0209091715515,0.00702064437792,0.14851911366,183879.609375,0.0676466971636,1.52267587428E-10,6.3504729253E-10,0.057578843087,0.0365711040795,5.63882493973,1057916,0.0932446345687,0.06446005404,0.0881985276937,-0.82178914547,1.71541643113E-07,0.131944656372,0.100861154497,705.368591309,0.0153699861839,4.94122314453,9.19263953847E-08,0.0948449671268,0.00690204184502,6.29549776932E-06,0.0165363308042,0.0749745368958,403277,0.018228540197,0.000968689913861,3.1006815171E-11,0.0156789980829,0.000127856299514,0.0377831533551,0.0241969041526,0.00114708673209,0.0861696898937,0.0206685680896,0.0672788769007,11092.7578125,442.220092773,0.041070278734,0.168693691492,0.0405428595841,0.140348002315,438.891571045,0.0781589746475,1136.36230469,0.05401391536,323.586700439,0.121470101178,0.0103977927938,0.0220068637282,9.32884880456E-10,22.9728088379,-0.745032072067,0.65388828516,1.64235345324E-07,0.0463222935796,-14.7803163528,0.096610724926,0.0107111474499,0.059352029115
BOSSFIGHT,94xv0UCo7gM,A2015-19,421.008148193,626.470703125,0.000622345600277,0.128747925162,0.00129452184774,0.126591324806,0.00189648137894,301.856750488,0.0274510141462,0.0391485877335,0.0234527047724,0.128509446979,0.0178993586451,0.732312440872,0.0358865484595,2.43011713028,0.0268236212432,0.0487827025354,0.0518935546279,0.0492140203714,0.125050187111,0.121734596789,0.0228334385902,0.00130295217969,5.02385866241E-09,0.839765489101,1.48237477848E-10,0.151335090399,0.000700145843439,0.137437596917,0.0222195181996,0.122644737363,0.00467415992171,204.158706665,0.0220997501165,0.0241875518113,0.124894596636,289284.65625,0.0629973113537,2.87085855089E-10,3.12421477577E-10,0.0557133927941,0.0400071144104,8.08087348938,1107402.625,0.119508236647,0.0227203052491,0.142619803548,-0.819555997849,7.28599545141E-08,0.145672723651,0.0684428438544,488.058776855,0.0195020362735,3.59147882462,8.76756587331E-08,0.120713554323,0.0144080836326,4.95620952279E-06,0.0926312729716,0.153380766511,561066.375,0.0459572970867,0.00136528827716,4.97958174694E-10,0.0498585104942,0.0000791307538748,0.0572611689568,0.0238048303872,0.000550842261873,0.117457874119,0.0388019792736,0.0248592887074,18702.3007812,673.845153809,0.0370301418006,0.0153137799352,0.0553271733224,0.166702896357,693.267456055,0.0582247152925,457.353149414,0.0470051243901,304.010498047,0.123999193311,0.0185751039535,0.0251132939011,3.55901252913E-10,17.6745834351,-0.744068026543,0.614421784878,1.08349681227E-07,0.0518256612122,-16.5011100769,0.0889857560396,0.015750316903,0.0553013682365
BOSSFIGHT,INUvrk12VNI,A2015-19,388.517730713,606.724304199,0.000416093709646,0.0596599020064,0.00091432366753,0.0609973855317,0.00177084538154,206.378814697,0.0132244201377,0.0375606231391,0.0221700910479,0.0920756906271,0.0235171373934,0.696103990078,0.0349765457213,2.5262029171,0.0138922743499,0.0515035688877,0.0802630484104,0.0223719105124,0.099749609828,0.125542029738,0.0464114360511,0.00125699792989,5.40514584202E-08,1.03645706177,2.41655362387E-10,0.0744828358293,0.000846070644911,0.108008444309,0.0137580865994,0.105236306787,0.00761836394668,180.71446228,0.0224042758346,0.0128641799092,0.125139713287,222387.09375,0.0667527318001,1.49958781503E-10,3.39092420809E-09,0.0547440908849,0.0394605845213,11.3975877762,1241527.875,0.0712308362126,0.0403313785791,0.0708950310946,-0.812578558922,4.75959694768E-07,0.112505041063,0.0704038590193,416.532104492,0.0226832814515,3.60903263092,1.79063135874E-06,0.120752483606,0.0137280113995,7.42661768527E-06,0.0363138727844,0.074333794415,487470.34375,0.027394970879,0.001689615543,6.00920146976E-11,0.0243596471846,0.000325552886352,0.0384041257203,0.0315877348185,0.00131659663748,0.0809683874249,0.0269513558596,0.0400920957327,12427.7783203,392.646270752,0.0489848926663,0.163931146264,0.044788043946,0.111372023821,554.137329102,0.0473647452891,414.756408691,0.0800564587116,374.039215088,0.110401332378,0.0141136460006,0.0248002242297,1.43647582718E-09,11.2607946396,-0.771329402924,0.640617489815,1.45629101667E-07,0.0438163615763,-11.5306663513,0.0897437483072,0.0159916952252,0.0610804595053
BOSSFIGHT,PgFWP391ZOs,A2015-19,396.633789062,606.064086914,0.000320905353874,0.0742203593254,0.000762953946833,0.077249892056,0.00185506371781,367.243591309,0.0131243802607,0.0357231125236,0.0192777942866,0.179315030575,0.0186366178095,0.737224340439,0.0305974297225,2.76038217545,0.0143875479698,0.0504451394081,0.0674375668168,0.0272649619728,0.133351475,0.1229525581,0.0356639623642,0.00123723351862,3.75735442759E-09,1.21216654778,3.06845937548E-10,0.151443272829,0.000421595788794,0.105166085064,0.0195896551013,0.139551967382,0.0069649904035,156.18421936,0.0206768419594,0.0190377347171,0.128701716661,221493.640625,0.0644288137555,1.26020485713E-10,2.39396746871E-09,0.0521624423563,0.0400440059602,10.7060871124,1109677.625,0.156808614731,0.0353314727545,0.163942307234,-0.815947234631,6.85623319896E-07,0.139591693878,0.0817142874002,493.092712402,0.0177524015307,3.8555855751,3.66382209904E-07,0.0859323590994,0.0139789339155,7.56851841288E-06,0.0385778769851,0.0567095540464,490493.875,0.0792756974697,0.000872132601216,9.48033040959E-11,0.0228042267263,0.000180578354048,0.0368978083134,0.0289278682321,0.00104595324956,0.145899385214,0.0772479102015,0.0416884496808,8167.30810547,740.934997559,0.0538404770195,0.103593692183,0.0416874960065,0.149429947138,395.031982422,0.0722182691097,455.428283691,0.0754147842526,273.884307861,0.0864015743136,0.0105927381665,0.024859957397,3.42419848032E-09,19.3562870026,-0.751079559326,0.657208383083,1.8068763552E-07,0.0427748113871,-14.817399025,0.0842755511403,0.0159545913339,0.0617410652339
BOSSFIGHT,UrY6JpZjn74,A2015-19,403.986999512,610.822021484,0.000301887048408,0.0830259025097,0.000661162077449,0.0923205986619,0.00161498249508,320.015472412,0.0141595294699,0.0340222083032,0.0196991469711,0.175291135907,0.0175544805825,0.572407126427,0.0305834170431,1.68820881844,0.0159831903875,0.0505449920893,0.0710616484284,0.0305529963225,0.114113792777,0.15383964777,0.0567938350141,0.000798632099759,4.00265687261E-09,0.705647230148,9.3433129289E-11,0.118004851043,0.000272068282356,0.108370512724,0.0143367107958,0.114436537027,0.0138865755871,163.81048584,0.0212686080486,0.0118327252567,0.0964635983109,215314.53125,0.0645344108343,4.85528076077E-11,4.06301658984E-10,0.0551639348269,0.0346650592983,6.59217166901,1017342,0.149118438363,0.0603620968759,0.144546836615,-0.815270185471,9.4200196088E-08,0.113858222961,0.0854346454144,398.551818848,0.0197449233383,3.65753602982,1.02000157653E-07,0.0893450379372,0.00933757890016,3.76235902877E-06,0.031500723213,0.106437318027,460459,0.0329944677651,0.0005504785222,9.30488117112E-11,0.0180234983563,0.0000563873618376,0.0289389081299,0.0187972132117,0.000463829841465,0.154312998056,0.0411955676973,0.0488395653665,5963.69580078,602.709838867,0.0708733946085,0.0210730917752,0.0355493985116,0.14575304091,336.24307251,0.0617358386517,530.473510742,0.100420191884,225.000045776,0.130656316876,0.0142076425254,0.0215071849525,5.40596234444E-10,16.23711586,-0.739083647728,0.430229723454,8.52194830259E-08,0.044279333204,-17.5258159637,0.0885870456696,0.0125525835901,0.0590995512903
BOSSFIGHT,RPf1oRvfiNQ,A2015-19,352.609741211,538.641906738,0.000300031591905,0.100152626634,0.000707830651663,0.0934496596456,0.00185538793448,285.846282959,0.0182359013706,0.0134150516242,0.0190288610756,0.104321464896,0.0543675534427,0.703753292561,0.030478194356,0.508639574051,0.019754210487,0.0517731197178,0.119977131486,0.0364456959069,0.0901605859399,0.102770082653,0.0699674487114,0.000985212856904,4.28947082298E-08,0.418778955936,4.26135959852E-10,0.0853090509772,0.000270281219855,0.0923650115728,0.0118305832148,0.115230925381,0.00936991628259,180.239959717,0.0433938577771,0.00953789427876,0.105877116323,215697.84375,0.0668424218893,5.23505572225E-10,2.25083840455E-09,0.0517503470182,0.0373696163297,3.74353861809,917329.5,0.0949412658811,0.0524234622717,0.0919560864568,-0.785093784332,5.34441653599E-07,0.119953967631,0.0888069197536,421.463531494,0.0507800616324,1.35116243362,1.19808078125E-06,0.0765477791429,0.00618631858379,0.0000152610773512,0.0281412098557,0.114684715867,478274.09375,0.0234584733844,0.000594658369664,2.29702701304E-10,0.0160707086325,0.000156713154865,0.064040787518,0.0215842351317,0.000582931388635,0.0964780524373,0.0264944396913,0.0569507740438,20073.1386719,204.60786438,0.0467483401299,0.124015666544,0.027235576883,0.13006682694,509.535644531,0.10760217905,999.339416504,0.0858775377274,290.779418945,0.0830752924085,0.0126194739714,0.0227265805006,2.57201571152E-09,8.39239883423,-0.743077278137,0.732915282249,2.90099393396E-07,0.0341726653278,-5.99610757828,0.0831724181771,0.00778739759699,0.0551470592618
BOSSFIGHT,x1G-w5DgZo8,A2015-19,311.612976074,488.693450928,0.000353613548214,0.0905491486192,0.000875928380992,0.0794202834368,0.00178416958079,283.285919189,0.056199003011,0.0823638513684,0.0205742008984,0.125489324331,0.0129997208714,0.54839938879,0.0330015793443,0.701138734818,0.0551928207278,0.0519976429641,0.0369645021856,0.0360443778336,0.114199854434,0.0561979934573,0.00883594341576,0.000969046493992,7.5315700343E-09,0.750212550163,1.96799396224E-10,0.148229524493,0.000373565766495,0.0754319727421,0.0536746308208,0.114986665547,0.0082836560905,224.559921265,0.0262571778148,0.0582193881273,0.126276344061,180647.734375,0.0689448788762,2.22698304242E-10,1.86920212641E-09,0.0538852959871,0.0369266718626,4.1825671196,1088285.5,0.137957319617,0.0070428205654,0.154345646501,-0.787992298603,2.67080366712E-07,0.150737136602,0.0126065593213,242.790771484,0.0176125913858,2.17913889885,5.00248916069E-07,0.0757519230247,0.113063707948,0.0000130725074996,0.0737276226282,0.115181080997,415709.625,0.0786486938596,0.000821834953967,6.97396793092E-11,0.0504006184638,0.000249258999247,0.0526601374149,0.020871181041,0.000730552943423,0.131484985352,0.067819468677,0.010833626613,11237.1396484,3599.98217773,0.0360724888742,0.0830036252737,0.0396247021854,0.138308182359,466.914306641,0.0344746410847,550.340148926,0.0336436331272,305.992767334,0.0562933683395,0.0202399864793,0.022849701345,7.30307314623E-10,8.25578117371,-0.722202777863,0.389939248562,1.16591600374E-07,0.0274789370596,-13.225728035,0.0884546115994,0.0919570326805,0.0252051241696
BOSSFIGHT,0U1qfCfRzF0,A2015-19,372.603424072,583.129760742,0.000309909199132,0.0705073773861,0.000812210142612,0.0938879400492,0.00144378386904,265.396881104,0.0117535917088,0.0293543189764,0.0198242310435,0.0810610577464,0.0310792177916,0.424564540386,0.0322262346745,1.25855863094,0.0153710870072,0.0482636354864,0.0554609335959,0.0245330221951,0.0804738625884,0.106922276318,0.0592106133699,0.000843247980811,3.04313942934E-08,2.1538875103,8.42471148399E-10,0.0751178562641,0.000262903107796,0.0862647294998,0.0169829074293,0.0969684869051,0.0081920158118,156.359420776,0.0212328992784,0.0149408504367,0.131156042218,179499.03125,0.0652141347528,3.85373039036E-10,2.50821607928E-09,0.0520782768726,0.0360127277672,4.17184925079,1039699.0625,0.0796796903014,0.0509493090212,0.0806769505143,-0.810411632061,4.13190861082E-07,0.115850538015,0.0647393912077,383.385955811,0.0306033585221,1.5851316452,6.21242008947E-07,0.0854530036449,0.0136796589941,7.18441879144E-06,0.0295654218644,0.059016674757,416827.375,0.0205429978669,0.000616335833911,2.7460733687E-10,0.0199200697243,0.000188515754417,0.0384089462459,0.022121373564,0.00200653378852,0.073452860117,0.0244248900563,0.0505377314985,14697.6933594,298.10723877,0.0308554433286,0.516557812691,0.038223374635,0.120532669127,358.506561279,0.0494824238122,370.124420166,0.047616943717,212.654541016,0.074261367321,0.0189548004419,0.0214517805725,1.93873828103E-09,14.1273708344,-0.761312603951,0.403526991606,5.45825969311E-07,0.0371374227107,-14.7637176514,0.0852112621069,0.0242669023573,0.0418726019561
BOSSFIGHT,9wZreFTqSvc,A2015-19,262.992553711,407.743804932,0.000357049080776,0.0856859833002,0.00101227848791,0.0984896942973,0.00159730867017,201.779632568,0.0207608789206,0.0369114130735,0.0201692767441,0.1218226403,0.01731364429,0.674740314484,0.033318374306,0.784342586994,0.0209788363427,0.0483706854284,0.0713151991367,0.030758773908,0.130341246724,0.071346141398,0.0574160143733,0.000893359538168,2.68513904444E-08,1.0094217062,1.13229725596E-09,0.155254334211,0.000189188460354,0.0827841311693,0.0142041742802,0.124351941049,0.00723951682448,180.498321533,0.0324237570167,0.0156426280737,0.102336548269,132833.34375,0.0654202103615,6.65095811758E-10,4.0465226725E-09,0.0502160713077,0.0361621975899,2.29026007652,801914.1875,0.134492456913,0.0194470211864,0.143437147141,-0.796872317791,7.65952393067E-07,0.101526089013,0.0381843224168,233.669616699,0.0194004494697,0.531759142876,7.31592024295E-07,0.0583128519356,0.00775053864345,2.08496908272E-06,0.024642739445,0.0462165251374,277210.09375,0.051709856838,0.000406524719438,2.41871189743E-10,0.010361796245,0.000214862520806,0.0418858490884,0.0180149842054,0.00159526942298,0.111187629402,0.0426921285689,0.0506122075021,21889.1230469,102.613670349,0.0565340332687,0.350261747837,0.0377876386046,0.125275209546,406.35760498,0.0789410248399,520.286987305,0.0877233222127,270.966674805,0.0634733065963,0.0141771342605,0.0218546539545,3.33667737884E-09,8.83903217316,-0.755798697472,0.430524766445,6.7948042215E-07,0.0328823588789,-7.5298500061,0.0825957879424,0.00992457009852,0.0884071812034
BOSSFIGHT,ePv2X_CCaGg,A2015-19,369.039916992,560.588317871,0.000373174058041,0.0757476687431,0.000818794535007,0.0821187645197,0.0015363493003,276.539672852,0.0217037890106,0.089158937335,0.021326655522,0.0861559808254,0.0404223576188,0.831987500191,0.0330245308578,1.26388216019,0.0290599595755,0.0496393106878,0.0630252435803,0.0276414602995,0.0828356444836,0.0749533623457,0.0235492810607,0.000855512509588,2.15014175353E-08,1.00415074825,1.42914358126E-09,0.0912140384316,0.000252636469668,0.101402334869,0.0321634784341,0.0938643589616,0.00869497749954,224.36907959,0.0827462300658,0.0275349318981,0.211284682155,182536.96875,0.0641305819154,7.24600601743E-10,2.08056682993E-09,0.0558067411184,0.0362161919475,9.11197280884,945691.8125,0.093992203474,0.0234142709523,0.0997599065304,-0.805960297585,3.17405294936E-07,0.166368618608,0.0347300544381,360.616210938,0.0423628054559,0.38016474247,5.94544928845E-07,0.0939066261053,0.129377320409,2.74715330306E-06,0.0437362790108,0.0491466037929,373381.5625,0.036223731935,0.000463550037239,3.15588999378E-10,0.0336093641818,0.000166069745319,0.104989528656,0.0195823665708,0.00170397420879,0.0935074090958,0.0513604618609,0.0224736500531,10871.78125,164.96257019,0.0432583317161,0.417764604092,0.0443842448294,0.15299423039,603.438781738,0.0558756180108,195.552886963,0.041123393923,402.671295166,0.0520808398724,0.0399252511561,0.022353110835,1.84825488247E-09,9.40929031372,-0.784099936485,0.516205012798,8.12803421013E-07,0.0439953766763,-14.2997360229,0.092264637351,0.0886049643159,0.0400987416506
BOSSFIGHT,kwYpgmm1S2c,A2015-19,371.870422363,566.545166016,0.000372167589376,0.0723731294274,0.000869207724463,0.0697876065969,0.0017575265374,294.697906494,0.00878612976521,0.0237710550427,0.0204129144549,0.104775987566,0.0096575524658,0.508111298084,0.032353952527,1.98149394989,0.0106807472184,0.0521667078137,0.0360437259078,0.0262234248221,0.0763066262007,0.0649904534221,0.0132593289018,0.000908504647668,7.71075558959E-09,1.49859178066,2.53421672536E-10,0.111556775868,0.000347758061253,0.121840253472,0.0323093272746,0.0799828767776,0.00802116561681,187.226196289,0.00894720107317,0.0353041999042,0.120537236333,193572.328125,0.0713605955243,2.67929317621E-10,1.58562329933E-09,0.0562406629324,0.0370419360697,4.99592399597,1011268.5625,0.108143486083,0.0095471534878,0.117512404919,-0.79558545351,2.76399958921E-07,0.103654406965,0.0237912386656,311.085266113,0.00942883919924,5.44265460968,2.40181492472E-07,0.119408562779,0.0101569686085,0.0000141359014378,0.0563291795552,0.0362637154758,434309.90625,0.0681123062968,0.000741677999031,1.65968322419E-10,0.012605689466,0.00035032449523,0.0333679877222,0.0250523909926,0.00214991858229,0.0919452160597,0.0665203779936,0.0144523838535,5527.33154297,639.026428223,0.0273588486016,0.717551827431,0.0489987358451,0.114961609244,470.875762939,0.0319026969373,1468.92675781,0.0397747308016,360.64163208,0.0651172846556,0.00750709790736,0.0230641681701,9.78490399817E-10,21.5496768951,-0.75124835968,0.443243026733,1.53957543603E-07,0.0492217689753,-11.2607584,0.0917748883367,0.0110448338091,0.0344915501773
BOSSFIGHT,mQgAuFuGICk,A2015-19,459.693389893,718.124572754,0.000299047766021,0.0676138177514,0.000708046136424,0.0879696235061,0.00130947784055,450.38394165,0.00880051404238,0.0457226410508,0.0206608958542,0.109167516232,0.0183874424547,0.466694742441,0.0323365181684,2.91043996811,0.0112005416304,0.0458629988134,0.0333409719169,0.0239828377962,0.0906604081392,0.117709591985,0.0435681305826,0.000974272144958,1.2968895291E-08,2.1642780304,1.85922555129E-10,0.0918342545629,0.000321708823321,0.10746448487,0.0115324463695,0.0976045504212,0.00710077444091,133.691619873,0.0185007210821,0.00954110641032,0.107989966869,300943.625,0.0635327473283,2.58170346212E-10,1.17854725978E-09,0.0528450608253,0.0352792367339,5.18494844437,1294086,0.095123283565,0.0896499454975,0.104018516839,-0.816407680511,3.58304674819E-07,0.111005939543,0.104758620262,730.596069336,0.020507030189,3.5981824398,3.39904971725E-07,0.115950204432,0.00987929012626,3.17053832077E-06,0.0190599262714,0.0690960213542,646417.3125,0.0336226597428,0.000763262039982,2.3005918004E-10,0.0105797238648,0.000130610686028,0.0290312841535,0.0213850513101,0.00192301557399,0.123202331364,0.0330152064562,0.0323430225253,13504.2675781,1245.63330078,0.0472495183349,0.190497368574,0.0465182960033,0.110822990537,270.418121338,0.0341015085578,373.595458984,0.0578306876123,194.567276001,0.0610516257584,0.0155496373773,0.0213810596615,1.97611327302E-09,17.0182189941,-0.756352424622,0.475432276726,1.68998127492E-07,0.0422180481255,-14.9907150269,0.0876311212778,0.014366582036,0.0430587232113
BOSSFIGHT,YknGGi--LPA,A2015-19,554.029724121,911.519348145,0.000387248786865,0.0790861323476,0.000926369510125,0.0867976918817,0.00156902580056,553.086914062,0.00390602066182,0.0957333445549,0.0215982943773,0.103881083429,0.0166845787317,1.12790465355,0.0347942002118,3.02295446396,0.00615806132555,0.0488470494747,0.0419702343643,0.027841463685,0.0646969974041,0.085862390697,0.00425730133429,0.000899974023923,7.38703320735E-09,1.90836632252,1.03355886349E-10,0.104630671442,0.000523395836353,0.108436726034,0.00737702660263,0.0683331415057,0.00775386439636,157.596176147,0.00727801863104,0.00697364658117,0.20964717865,414085.625,0.0623434484005,1.40964878659E-10,5.92166315982E-10,0.056935261935,0.0366323553026,9.88526916504,1356807,0.0997952967882,0.00361881009303,0.101056136191,-0.827414929867,1.0847874421E-07,0.175356730819,0.0206543486565,1135.32617188,0.0142118036747,7.77528190613,6.6254557396E-07,0.0705007314682,0.0957857966423,0.000022985988835,0.0870104730129,0.0813047215343,1036920.8125,0.0448059104383,0.00129157246556,5.19076483185E-11,0.0183037500829,0.000103799960925,0.0601291656494,0.0264293793589,0.0022496690508,0.136038020253,0.0420645400882,0.00420471141115,14758.3505859,218.38671875,0.0456472225487,0.58514881134,0.0449627637863,0.156845018268,599.029541016,0.0409821867943,358.53515625,0.033860873431,298.883056641,0.0714580267668,0.0179617051035,0.0219348408282,5.53941670312E-10,33.733253479,-0.7498742342,0.911460936069,7.07264575794E-08,0.0400543138385,-13.4650325775,0.0928148776293,0.0611136294901,0.0178385786712
BOSSFIGHT,54qwVeTgKng,A2015-19,402.178100586,599.364074707,0.000476211309433,0.0725701972842,0.00113545649219,0.0684129744768,0.00164612929802,353.93838501,0.0141679523513,0.0406512320042,0.0228847693652,0.10374160111,0.014647427015,0.726396858692,0.0362504385412,1.44865036011,0.0169051047415,0.0503162182868,0.031152388081,0.0265924558043,0.0651325806975,0.0908463597298,0.0184400323778,0.000940749247093,1.14773994753E-08,0.975677847862,7.51662065923E-10,0.0882393941283,0.000337237055646,0.0988985151052,0.0344517529011,0.0744348093867,0.00795710179955,258.356872559,0.015665108338,0.0373579636216,0.123137921095,199713.171875,0.0750641301274,4.06870426239E-10,8.79380290808E-10,0.0560343414545,0.0372235774994,11.7418613434,1252066.375,0.103139951825,0.0150108691305,0.0924405232072,-0.815780997276,2.79507162304E-07,0.130358025432,0.0290947910398,586.985839844,0.0154656525701,1.34095358849,6.4080603579E-07,0.107928439975,0.0329051017761,3.79158336727E-06,0.0245791785419,0.0565444566309,374316.8125,0.0401092655957,0.000719149946235,4.47634096457E-10,0.0113387852907,0.000124908314319,0.0457385107875,0.0244241002947,0.00104136543814,0.105612583458,0.0421302765608,0.0190459676087,16678.1640625,357.486816406,0.0295770633966,0.398629188538,0.0511834397912,0.135630771518,754.412231445,0.0355962142348,411.692657471,0.0314333550632,379.970703125,0.079769872129,0.0169569477439,0.0229112356901,1.53224744004E-09,14.6323518753,-0.762475311756,0.542012095451,4.39961127086E-07,0.0427153855562,-18.0021018982,0.0916782617569,0.0317734852433,0.0263947863132
BOSSFIGHT,Auy-EVa35gU,A2015-19,297.926849365,460.320373535,0.000298682251014,0.0825114026666,0.000791740952991,0.0960319638252,0.00148105365224,224.884765625,0.0228144451976,0.0324941202998,0.0185974612832,0.0820250734687,0.0176258087158,0.519641339779,0.0305546931922,1.01108312607,0.0258147716522,0.0488613434136,0.0185063164681,0.0307371430099,0.0871872007847,0.0754889771342,0.0166895519942,0.000691017892677,5.83796300191E-09,0.957720398903,6.71980748823E-10,0.104199782014,0.000399144802941,0.0944390445948,0.0446438416839,0.0759880244732,0.0103026628494,165.989730835,0.0502640381455,0.0525152795017,0.0915316268802,137326.875,0.0649260506034,6.96899815633E-10,4.27331592334E-09,0.0534059889615,0.0323021300137,8.37243556976,747976.4375,0.0950654894114,0.016136361286,0.105185575783,-0.801785469055,6.56551037537E-07,0.0815751925111,0.0220390558243,390.265625,0.0220539290458,0.279561877251,3.52379231572E-07,0.0894447937608,0.0307524073869,2.72230022347E-06,0.0294105280191,0.0981549993157,266742.125,0.0634603202343,0.000848118623253,1.63413574339E-10,0.0206908024848,0.000330635928549,0.0362177677453,0.0225820634514,0.00103042530827,0.0697936564684,0.051100987941,0.0194815844297,22930.3867188,82.6941070557,0.0188980847597,0.447372198105,0.0464733988047,0.0639730915427,332.099487305,0.0202129539102,215.07321167,0.0231041945517,249.050231934,0.0583383776248,0.0168984532356,0.0196661949158,1.98074956437E-09,7.43305540085,-0.766054689884,0.344767153263,4.76849834286E-07,0.0379419662058,-12.5921630859,0.0871802791953,0.0277271829545,0.0396077819169
BOSSFIGHT,pTFR9TPykdI,A2015-19,279.916687012,411.58972168,0.000249790929956,0.0721143856645,0.00063690362731,0.0677869766951,0.00149760069326,227.420776367,0.00914282072335,0.0182012990117,0.018547527492,0.063869163394,0.00868502631783,0.446859151125,0.0297509618104,0.691871345043,0.0112524982542,0.0484305582941,0.020474338904,0.0254249386489,0.0684714242816,0.0586111955345,0.0110747013241,0.000713033543434,1.05079100976E-08,0.535582780838,1.30473287729E-09,0.0922900661826,0.000178967209649,0.111753970385,0.0296027809381,0.0676261261106,0.00759543431923,308.870697021,0.0111171230674,0.0301506202668,0.0678341537714,118179.804688,0.0633855238557,8.66690330614E-10,5.81784043163E-09,0.0472860187292,0.0333854146302,3.64896202087,678180,0.0695144832134,0.00936753116548,0.0862591415644,-0.807498633862,8.20692093839E-07,0.0696031153202,0.0305805858225,256.727325439,0.00945698283613,1.86494040489,4.80053756746E-07,0.0873079299927,0.00985130760819,6.00015084729E-07,0.0198024641722,0.0639054477215,195529.59375,0.0530555061996,0.000394278293243,3.99615396329E-10,0.00831801630557,0.000120755066746,0.0213469490409,0.0164848007262,0.000778860412538,0.0629738718271,0.050845336169,0.0124304499477,15365.4306641,56.1398277283,0.0193905923516,0.498481035233,0.040757983923,0.0843155831099,398.731903076,0.0230519548059,343.609832764,0.0204684361815,363.408203125,0.0669387280941,0.00833273306489,0.020056899637,3.21910786916E-09,14.3353157043,-0.793716669083,0.288425952196,7.99710107913E-07,0.0415742509067,-8.65163230896,0.0784868076444,0.0088447323069,0.0380385220051
BOSSFIGHT,vvHtEzODBdM,A2015-19,395.261383057,600.586303711,0.000469757913379,0.093924023211,0.00101888575591,0.0797392055392,0.00148409302346,377.276550293,0.0659749954939,0.0630128905177,0.0216922461987,0.0870914831758,0.0156322922558,0.896129608154,0.0331693328917,1.97923803329,0.0765957906842,0.0463675409555,0.0272073410451,0.0410089939833,0.102375529706,0.0435092039406,0.0134952394292,0.000962068384979,5.45193046264E-09,0.343056201935,4.78947048688E-10,0.127739295363,0.000581946107559,0.0741965100169,0.0552169680595,0.0822579115629,0.0071312431246,213.777206421,0.031893953681,0.0652591735125,0.138725355268,289459.1875,0.0594099014997,3.94052956931E-10,1.03602393331E-09,0.0488721169531,0.0356808900833,8.97238636017,1169843.5,0.104751512408,0.00875130947679,0.133152201772,-0.810418128967,1.76218676984E-07,0.125349476933,0.0176000893116,687.826171875,0.0207427050918,2.39450240135,2.65968083113E-07,0.0675902664661,0.0361058078706,5.83769315199E-06,0.0522637404501,0.117878720164,650793,0.0799976140261,0.00116245786194,3.22458504343E-10,0.028247628361,0.000162979587913,0.0654586628079,0.0287441499531,0.000362188846339,0.0727708488703,0.0708547830582,0.0157320052385,24331.0664062,853.792602539,0.0183008909225,0.160989761353,0.0400338917971,0.115966267884,562.178588867,0.0346476957202,469.486907959,0.0212013795972,436.000946045,0.0587520077825,0.0156259797513,0.021966278553,8.41267777663E-10,9.82873344421,-0.756969094276,0.739812970161,2.88031571927E-07,0.0324765220284,-11.7959280014,0.0797796621919,0.0332615599036,0.0396151915193
BOSSFIGHT,ZxHrcIkB90k,A2015-19,287.167419434,434.647369385,0.000264200381935,0.0593826547265,0.000657742202748,0.0596655905247,0.00154842401389,175.758285522,0.0153080141172,0.0254641715437,0.0179724171758,0.0945109203458,0.0331002362072,0.416193187237,0.0292363427579,0.78882676363,0.0172792337835,0.0491773709655,0.0493895076215,0.0207847636193,0.0748768523335,0.0625737607479,0.0734228268266,0.000734157278202,1.22480985354E-08,0.620864391327,6.72743583063E-10,0.0807308703661,0.000243014699663,0.0733404904604,0.0206231866032,0.0747397840023,0.00950593873858,173.447937012,0.0337451845407,0.0176020078361,0.118935897946,117496.335938,0.0648985728621,7.33167027089E-10,1.02215502729E-09,0.0490357615054,0.0334714390337,4.47650671005,772987.125,0.0839409008622,0.0450033843517,0.0859758928418,-0.799992322922,3.12487202336E-07,0.0999220386147,0.038713324815,203.049514771,0.0382901206613,0.156925916672,5.94833352352E-07,0.0521719232202,0.01593968831,3.89579827242E-06,0.0181382913142,0.0397662185133,240525.671875,0.0244605522603,0.000502469250932,2.55717585995E-10,0.0209368392825,0.000208723649848,0.0402979440987,0.020620090887,0.000816303130705,0.0902981907129,0.0267047379166,0.0630678534508,10328.4101562,111.980499268,0.0362259484828,0.588225066662,0.029879193753,0.0948369652033,249.116531372,0.0472210422158,588.441101074,0.0546126514673,268.336242676,0.0553393661976,0.0241101458669,0.0203071646392,1.75780989764E-09,7.15028858185,-0.765174031258,0.316903680563,4.05942131465E-07,0.0316867902875,-7.32261705399,0.0808306261897,0.0191947259009,0.047799449414
BOSSFIGHT,_2jToEfK0fI,A2015-19,408.812652588,603.537902832,0.000476139539387,0.0700491294265,0.00104815908708,0.0702951550484,0.00194085307885,316.762359619,0.0151761537418,0.023977290839,0.0234651025385,0.0973332002759,0.019745638594,0.725980520248,0.0366690270603,1.53674316406,0.0183113720268,0.0540762990713,0.0361816994846,0.0251209009439,0.0829264521599,0.0626831203699,0.0210720784962,0.00110275135376,1.52723824698E-08,0.955145955086,9.89333615031E-10,0.0912109911442,0.000387308420613,0.0928290784359,0.0606438219547,0.0607531890273,0.00599398603663,207.573532104,0.0158268995583,0.0519500896335,0.115934565663,195421.734375,0.0714987143874,6.76893430196E-10,3.92167187613E-09,0.0587918907404,0.0401588566601,4.9995341301,1155285.75,0.125132665038,0.016254844144,0.127155065536,-0.813415884972,9.86158170235E-07,0.115900024772,0.0206583049148,678.047363281,0.018214745447,1.48297786713,3.93494246964E-07,0.0783853009343,0.0157721079886,0.0000052682335081,0.0407919324934,0.0551904812455,405753.875,0.0445754602551,0.000903555250261,4.03947764127E-10,0.0206716340035,0.000188920341316,0.0279052797705,0.0207657627761,0.0010951180011,0.102832950652,0.0934424996376,0.0231608971953,9453.27636719,294.566772461,0.0324480868876,0.480382323265,0.0418962724507,0.124932818115,626.026855469,0.0373457930982,486.993743896,0.0296792779118,334.546051025,0.0617420934141,0.0163977593184,0.0251539386809,5.59506130315E-09,12.3892860413,-0.753925323486,0.530090928078,6.60362616145E-07,0.0407357625663,-12.4723148346,0.09695276618,0.0141731332988,0.0332859866321
BOSSFIGHT,2Qc7_oQH5Y4,A2015-19,295.463806152,442.119232178,0.000242014575633,0.0989475622773,0.000603290915024,0.0915187522769,0.0016816216521,193.58215332,0.0295971855521,0.0342007391155,0.0183382239193,0.0870115756989,0.032085724175,0.33777654171,0.0294993091375,1.26880013943,0.0327930562198,0.0506993643939,0.0351123660803,0.0373024903238,0.0915357768536,0.0745501965284,0.0334851667285,0.000735104782507,5.51080532318E-08,1.25165116787,1.02714170502E-10,0.10848685354,0.000228638004046,0.0990146100521,0.0724821537733,0.0807650908828,0.00923766940832,158.460220337,0.0254698768258,0.0758060291409,0.112160757184,114708.4375,0.0646637529135,2.11063985733E-10,5.96079807735E-09,0.051466986537,0.033219832927,2.22711396217,962065.5,0.0938003286719,0.0271785408258,0.105395250022,-0.806362569332,8.97018537671E-07,0.12305367738,0.0397690869868,347.162963867,0.0333276465535,0.355720281601,1.44324019402E-06,0.0987700894475,0.0280712433159,1.53679502546E-06,0.0458782985806,0.0543383471668,214085.984375,0.0505978651345,0.000490767124575,1.93618537869E-10,0.0310851912946,0.000549751101062,0.0407710298896,0.0222753155977,0.00135032471735,0.0921057388186,0.0534257031977,0.0333586335182,12919.8896484,99.150138855,0.0281205140054,0.330603450537,0.0484695546329,0.127317860723,343.071075439,0.0379111729562,992.312194824,0.0260458253324,225.012893677,0.0775478109717,0.0236839056015,0.0199592672288,2.94262902933E-09,6.73154067993,-0.789267957211,0.315849602222,8.0873505226E-08,0.0393230766058,-14.3075790405,0.0842761918902,0.0276936907321,0.0496245771646
BOSSFIGHT,7FM9XC6wLkI,A2015-19,346.269378662,534.354064941,0.000263013469521,0.0902620330453,0.000656840973534,0.0957455411553,0.00161921861582,251.748168945,0.0362996831536,0.0358360186219,0.018437422812,0.0967363491654,0.0267821047455,0.507699906826,0.0300843585283,0.693438470364,0.0384630896151,0.0513179264963,0.03121358715,0.0329092778265,0.104783311486,0.0456754006445,0.0407878234982,0.000755128683522,8.84730599893E-09,0.560720384121,5.8425492222E-10,0.128381580114,0.000202355964575,0.125503599644,0.0817048996687,0.09979352355,0.00819476041943,167.017654419,0.0512203499675,0.0871231257915,0.12913325429,132811.140625,0.0693997070193,4.66224669982E-10,2.38763453453E-09,0.0525646992028,0.034687846899,3.87469291687,814754.3125,0.109961129725,0.0289857052267,0.126693218946,-0.806219160557,4.66294693524E-07,0.119566313922,0.0167227033526,259.504943848,0.0313862301409,-0.214770793915,1.21473897252E-06,0.086323954165,0.050416700542,3.70057591681E-06,0.0433078929782,0.0972435995936,272199.03125,0.0699109658599,0.000479108246509,1.86600290775E-10,0.0372096970677,0.000281458051177,0.0525900311768,0.0213227160275,0.000606800604146,0.0920414850116,0.0605047941208,0.0425069890916,17203.8925781,177.454879761,0.0238351970911,0.140854969621,0.0465369597077,0.119517527521,274.86920166,0.0351274907589,326.28314209,0.0255561191589,336.868591309,0.0849471613765,0.030927259475,0.0208432450891,1.82935455673E-09,5.76374149323,-0.775369644165,0.323437184095,4.38759911958E-07,0.0464414171875,-11.9263868332,0.087632060051,0.0367319956422,0.0543339475989
BOSSFIGHT,Co4bcMth74I,A2015-19,240.918502808,355.295379639,0.000222816888709,0.0610444396734,0.000520375091583,0.0597094371915,0.00140893703792,152.631942749,0.0289464890957,0.0259120892733,0.0169060006738,0.0467083193362,0.00936338026077,0.347894966602,0.0270592160523,2.23935747147,0.0315063670278,0.0464411713183,0.0182895269245,0.0241906344891,0.0849646404386,0.0276403110474,0.012839791365,0.000800087174866,7.87193332741E-09,0.809507608414,9.96372984119E-10,0.08754748106,0.000162014286616,0.0744729861617,0.0483479127288,0.0721748247743,0.00748916948214,231.729751587,0.0484103932977,0.0575802400708,0.0989951938391,117899.6875,0.0606649331748,5.2985432708E-10,2.81834111604E-09,0.047370236367,0.034069839865,2.40705513954,694950.8125,0.0568884722888,0.00814054347575,0.0826625823975,-0.815130591393,4.22795693567E-07,0.092783793807,0.00655635260046,216.89515686,0.0125070596114,2.20929288864,1.00979855233E-06,0.0387387648225,0.0138696795329,0.0000170156545209,0.0618071146309,0.0478222966194,219453.625,0.063866995275,0.000330154696712,1.69203123734E-10,0.0278390645981,0.000169568389538,0.0807261988521,0.0158503837883,0.000698361487594,0.0508903898299,0.0523383840919,0.0136593310162,15626.9619141,240.52293396,0.0137351388112,0.396141797304,0.0317350700498,0.0843704119325,351.977203369,0.0227945670485,205.883834839,0.0120138693601,339.740631104,0.0447762161493,0.011456694454,0.0209614951164,1.35983635463E-09,10.5203704834,-0.737545490265,0.24701140821,5.45047100786E-07,0.0298858098686,-6.01962995529,0.07804466784,0.0114058926702,0.0580909475684
BOSSFIGHT,QXrBoI2szDg,A2015-19,265.306762695,401.527008057,0.000268589967163,0.0821252316236,0.000673900009133,0.0816271081567,0.00152717158198,244.586410522,0.0203413311392,0.0247020106763,0.0185149479657,0.0683330819011,0.0100934281945,0.404165476561,0.0301177222282,1.45638847351,0.0214562695473,0.0489432476461,0.020398106426,0.0297362580895,0.11430234462,0.0379004925489,0.0130341602489,0.000858364568558,1.23531256335E-08,0.69171744585,1.44489831211E-09,0.101290814579,0.000215274558286,0.0984989479184,0.0334690324962,0.0969437509775,0.00620775483549,246.079177856,0.0277345236391,0.0405586212873,0.104792878032,116694.539062,0.0619596019387,4.658817776E-10,4.57732918235E-09,0.049033716321,0.0352943390608,1.9606167078,725954.875,0.0735198482871,0.00914608500898,0.104093074799,-0.815380573273,7.44416581711E-07,0.0900768712163,0.0145550435409,269.115356445,0.0118326051161,1.6205997467,1.20600964237E-06,0.0532885491848,0.0145527031273,5.96458539803E-06,0.0555392503738,0.0736328586936,230592.875,0.04253616184,0.000517845677678,1.15808578005E-10,0.0179710891098,0.000139042167575,0.0556314326823,0.0208325125277,0.000788444071077,0.064476005733,0.0377393066883,0.0136444997042,15223.7109375,80.2227630615,0.0172453206033,0.510460674763,0.0345750004053,0.0901123136282,429.44052124,0.0256765950471,226.103057861,0.0191453360021,323.060668945,0.077006727457,0.0130544705316,0.0218590591103,3.03866731777E-09,10.9954404831,-0.764178395271,0.307284444571,7.53738049752E-07,0.0364854112267,-6.86221218109,0.0819275230169,0.0132980179042,0.0578724369407
BOSSFIGHT,fD5COVhojew,A2020-24,340.310424805,511.957397461,0.000325630768202,0.0941189900041,0.00078422104707,0.0870283618569,0.00128022849094,211.337997437,0.0463701784611,0.0313178189099,0.0203093364835,0.124515928328,0.0519092343748,0.524137794971,0.0320742875338,1.84200906754,0.0487221367657,0.0465290658176,0.0582081079483,0.0338623374701,0.087837420404,0.103744909167,0.0502570010722,0.000692035711836,9.78105951788E-09,0.811448454857,4.34037111807E-10,0.0911281406879,0.000228333679843,0.139950543642,0.050461333245,0.0842483714223,0.010542456992,186.529876709,0.0647853836417,0.0425170585513,0.138625219464,162745.15625,0.062057543546,3.44709621958E-10,2.18790252582E-09,0.0517024695873,0.0324464701116,2.16217541695,845579.25,0.115830264986,0.0497687757015,0.119085729122,-0.812944352627,4.48524275498E-07,0.158014252782,0.0514273531735,407.828155518,0.0531682185829,-0.227208137512,7.08867332833E-07,0.0931598544121,0.0455804057419,1.81294876711E-06,0.0326294600964,0.0537251792848,349241.6875,0.0329389758408,0.000483930140035,2.61511035049E-10,0.042996224016,0.000326069945004,0.0811987817287,0.0185155756772,0.000628101988696,0.122735381126,0.0388225279748,0.0467085577548,11841.2539062,138.267288208,0.0736707150936,0.0930984765291,0.0462706796825,0.152589574456,449.11907959,0.0607754476368,210.581848145,0.0871730819345,305.862030029,0.141675844789,0.0607031211257,0.0197149328887,1.80456094512E-09,5.5316324234,-0.769719362259,0.438928723335,2.80214777604E-07,0.0538925752044,-15.5109806061,0.0842925906181,0.035199791193,0.0291077662259
BOSSFIGHT,jVBDHn8MFoo,A2020-24,306.005981445,459.088745117,0.000273313053185,0.0765762552619,0.000643787730951,0.0864817649126,0.00167949788738,190.308746338,0.0337135605514,0.0353095047176,0.018998067826,0.0810295715928,0.0381138399243,0.508120119572,0.0305318627506,1.6950289011,0.0409369617701,0.0516888685524,0.0350017622113,0.0291614048183,0.0917392149568,0.0820142105222,0.0413428582251,0.000739186711144,4.2407190648E-08,1.20387840271,1.29232430313E-10,0.104800485075,0.000251932651736,0.110034286976,0.0960623025894,0.0873875170946,0.00896180327982,146.210678101,0.0316423028708,0.0995225459337,0.126494899392,156915.046875,0.0681241229177,1.61943361499E-10,5.95397775527E-09,0.0506831519306,0.0334316566586,2.53794455528,927805.125,0.0871803015471,0.0397687479854,0.108068555593,-0.801853060722,9.85067572401E-07,0.123115472496,0.0418109297752,327.948944092,0.040649689734,0.0314102172852,1.69375516634E-06,0.130105659366,0.0324829258025,2.48571495831E-06,0.0484535135329,0.036362413317,325170.71875,0.0571698360145,0.000530410557985,1.89424295693E-10,0.036122392863,0.000616009405348,0.0437052622437,0.021190630272,0.00112834409811,0.0869493186474,0.058137819171,0.0427155308425,10853.4072266,105.374923706,0.0270916838199,0.248863592744,0.0516569279134,0.128510609269,290.326507568,0.0383910350502,639.523986816,0.0259585399181,219.150436401,0.065254881978,0.0280878115445,0.0201699901372,3.2126710181E-09,4.63847780228,-0.784207999706,0.469973564148,1.06939246791E-07,0.0433358177543,-14.5591468811,0.0833067670465,0.0331539288163,0.0482803620398
BOSSFIGHT,05yfXkHjD6o,A2020-24,295.523651123,433.496856689,0.000343271560268,0.124353908002,0.000783267314546,0.103321753442,0.00153538992163,179.881164551,0.0156305581331,0.0396758466959,0.0184904746711,0.122496947646,0.0136893643066,0.581194460392,0.0297406502068,1.99951171875,0.013970750384,0.0473428629339,0.0504056476057,0.0452776029706,0.0832477807999,0.0730081796646,0.00884790346026,0.000761237519328,6.35084074219E-09,2.09016776085,3.50852513709E-10,0.12211034447,0.000483130599605,0.13706921041,0.0193765889853,0.081792101264,0.00879424903542,179.330062866,0.0128279030323,0.0176795460284,0.130443751812,155362.21875,0.0602250993252,3.96246258028E-10,1.27881349954E-09,0.0481896735728,0.0330349244177,7.83115196228,790791.4375,0.113327130675,0.0139910457656,0.121201060712,-0.819291830063,2.23081741524E-07,0.132652506232,0.0251613426954,369.69519043,0.0118434829637,4.0396156311,2.30904447562E-07,0.0789138674736,0.0219063051045,1.92806351151E-06,0.0245967209339,0.0591484121978,328341.84375,0.0658786594868,0.000903333886527,1.71364616941E-10,0.00903705693781,0.000143008321174,0.0361996218562,0.0226220116019,0.00191679899581,0.100808508694,0.059695199132,0.00787264760584,18528.3066406,236.126373291,0.0427442528307,0.371009290218,0.043725002557,0.121715083718,403.517944336,0.0504277572036,255.611633301,0.0589929036796,289.933013916,0.14583915472,0.0146137978882,0.0197575092316,9.71588365317E-10,17.9290046692,-0.77918356657,0.478439837694,3.05133312395E-07,0.0555881224573,-9.93151283264,0.0808907672763,0.0190346539021,0.0220452062786
BOSSFIGHT,eJWzWm-UJ94,A2020-24,266.271026611,403.944488525,0.000193275525817,0.077869169414,0.000515865220223,0.0604283921421,0.00146108795889,150.417755127,0.0299981739372,0.0395039245486,0.015822192654,0.0830082818866,0.0118769090623,0.394447147846,0.026234170422,1.89733672142,0.0276849139482,0.0479856468737,0.0298391878605,0.0291303768754,0.0575437135994,0.0508704856038,0.00694288546219,0.000662252074108,1.77003602886E-08,1.41252446175,4.92287155485E-10,0.084397777915,0.000173909487785,0.0787035226822,0.0329897664487,0.0509934276342,0.00703587476164,214.748077393,0.0167329553515,0.039762493223,0.11136418581,110077.65625,0.0606274977326,3.44920259021E-10,2.98384428277E-09,0.0456377230585,0.032403215766,2.00786089897,732706.25,0.0799862369895,0.00825017504394,0.0914165526628,-0.793023169041,3.08223690126E-07,0.119208388031,0.0112604955211,218.940643311,0.0161744002253,1.85861897469,6.72256237522E-06,0.0474294237792,0.043110229075,4.04015327149E-06,0.0607890114188,0.0700553804636,235513.84375,0.070641875267,0.000346699496731,1.50955775657E-10,0.0507635101676,0.000311545387376,0.0395722202957,0.0171978417784,0.00147493556142,0.0923956409097,0.0484084524214,0.00976096186787,14285.6171875,414.427642822,0.0317292697728,0.74295258522,0.038738053292,0.127265781164,476.409851074,0.0469776727259,260.145324707,0.0240984316915,429.035308838,0.0443059876561,0.0251436922699,0.0195830147713,1.48813128487E-09,11.1195468903,-0.752775669098,0.235992431641,3.60658106047E-07,0.030981618911,-9.43229198456,0.0753040909767,0.0345036014915,0.0141210425645
BOSSFIGHT,ju-QUBqUsgQ,A2020-24,295.321655273,450.543121338,0.00022951894789,0.105045504868,0.000541361223441,0.0963475778699,0.00142130430322,192.946075439,0.0915292948484,0.0238031316549,0.0179674960673,0.113104835153,0.0265084952116,0.508714079857,0.0287858098745,1.80249929428,0.0903388261795,0.0484987050295,0.0261666402221,0.0388647541404,0.0904558673501,0.0802360996604,0.0329723544419,0.000633018149529,1.13041052074E-08,0.712044417858,6.56356802242E-10,0.104968011379,0.000194798660232,0.100047916174,0.0350960977376,0.0931581258774,0.0079177133739,175.339782715,0.0271737147123,0.0335341244936,0.112985119224,123905.59375,0.0654425099492,3.55110302275E-10,1.92060034543E-09,0.0536140725017,0.0320422649384,2.08919000626,797898.125,0.112424001098,0.0327864848077,0.117696560919,-0.809445858002,3.94141693505E-07,0.111650459468,0.0301211476326,347.739624023,0.0276690218598,0.573137044907,5.38711447007E-07,0.079513952136,0.0394418798387,3.32851027451E-06,0.0610298328102,0.0423200801015,231049.921875,0.0319704934955,0.00043960599578,1.5261016062E-10,0.0829093307257,0.000403134530643,0.0393265523016,0.0188746135682,0.00062502984656,0.113669700921,0.0345297753811,0.0368519872427,10979.9033203,1361.82739258,0.0529159530997,0.258190125227,0.0360179804265,0.0980131477118,233.115097046,0.0281205754727,771.2265625,0.0597638711333,215.806427002,0.0802043154836,0.0321591161191,0.0191222149879,1.71447533948E-09,6.35751438141,-0.757014989853,0.2933165133,4.39645788219E-07,0.037833891809,-11.2963008881,0.089008949697,0.0426958873868,0.0312211979181
BOSSFIGHT,mOqCLpXbqkE,A2020-24,328.52142334,501.945831299,0.000222781673074,0.138596609235,0.000573753786739,0.145040586591,0.00115673616529,190.414459229,0.013758815825,0.0284830108285,0.0172582324594,0.103349879384,0.0147174829617,0.412312209606,0.0285098031163,2.13244199753,0.0150740798563,0.0435189157724,0.0474929586053,0.0531641580164,0.100378587842,0.0813295021653,0.0153413657099,0.00061132654082,3.80519571408E-09,1.900157094,3.58079066398E-10,0.0982138216496,0.000136189279146,0.124717108905,0.0230099111795,0.0969790443778,0.0102161355317,131.230194092,0.0199987459928,0.0159611105919,0.102509088814,123380.28125,0.0605553947389,2.20983495391E-10,1.150288087E-09,0.0476881936193,0.0312106665224,4.04870939255,674738.875,0.101310670376,0.0178212933242,0.0980423018336,-0.822470426559,2.11244795878E-07,0.121160678566,0.0357836559415,261.00491333,0.0158378537744,3.36771225929,2.10989711036E-07,0.078462280333,0.0149307399988,1.48277479184E-06,0.0199601445347,0.0694661661983,273463.875,0.040742315352,0.000302890286548,1.18032639218E-10,0.0134258009493,0.000154979788931,0.0288081839681,0.0246370360255,0.00138987484388,0.0919092670083,0.037720721215,0.0150505676866,12545.3525391,131.458633423,0.0440777353942,0.372400105,0.0448662117124,0.139393165708,351.374359131,0.0474887862802,222.687042236,0.0586376823485,182.939407349,0.136473745108,0.0210638288409,0.0184554345906,9.88010562253E-10,18.0787010193,-0.786678195,0.343250542879,2.23519990072E-07,0.0501435548067,-11.7659826279,0.0799533873796,0.0146902184933,0.0275123566389
BOSSFIGHT,2DLUrUQR088,A2020-24,256.094787598,381.988372803,0.000388281769119,0.0258234720677,0.000891533039976,0.0453205369413,0.00131487112958,109.818122864,0.00681699858978,0.0910288393497,0.0212790258229,0.0592717416584,0.0731782689691,0.313182532787,0.0336679071188,2.78565120697,0.0101061556488,0.046498067677,0.0827327743173,0.00916646048427,0.0510040782392,0.035844925791,0.00820294301957,0.000838204869069,6.32914787246E-09,1.28661251068,6.39009734016E-10,0.0677861496806,0.000205165109946,0.0636510103941,0.0210934411734,0.0450100339949,0.00637960759923,137.129959106,0.00927057024091,0.0247334502637,0.0823426097631,106956.90625,0.0634428039193,2.58915167084E-10,4.07450428952E-09,0.0459082834423,0.0351556353271,3.21904802322,664573.75,0.0724660307169,0.0078203920275,0.0751065835357,-0.809154808521,9.16140834306E-07,0.118205904961,0.00942885689437,209.952911377,0.0626358687878,3.18643045425,8.42018550884E-07,0.0551728755236,0.0730346590281,3.46758292835E-06,0.0924955606461,0.0821116194129,208654.4375,0.0588597804308,0.000446161429863,3.76685384273E-11,0.0557124391198,0.000148612773046,0.0213025752455,0.0139007726684,0.000824738119263,0.0691853314638,0.0554643496871,0.00876143854111,15226.8828125,186.711853027,0.0170257203281,0.151833474636,0.0336526148021,0.145935311913,493.42767334,0.0688929408789,259.287719727,0.0151481674984,298.137207031,0.0550086349249,0.0765024870634,0.0215996205807,3.87201959384E-09,10.2590894699,-0.727110505104,0.257481068373,3.16020191349E-07,0.0242833532393,-10.8730487823,0.0754926502705,0.0588995292783,0.01077277679
BOSSFIGHT,HTNUm5i9chM,A2020-24,339.212768555,535.737365723,0.000301421649056,0.0938866883516,0.000778103887569,0.0915927737951,0.00153439864516,220.037002563,0.0300628971308,0.0402545332909,0.0190403535962,0.1246291399,0.0350922308862,0.657246053219,0.0309873186052,1.98564863205,0.0288970712572,0.0484658554196,0.047403819859,0.0330658704042,0.0826319828629,0.0968810021877,0.0287423916161,0.000744425866287,9.00290597627E-09,0.879070162773,2.54858523174E-10,0.124117568135,0.000350824935595,0.131144925952,0.0342258661985,0.0816085040569,0.00951886642724,199.232528687,0.0391278453171,0.0299929045141,0.130124956369,145630.640625,0.0680066496134,1.51299861528E-10,2.28778040956E-09,0.0525992847979,0.0335373543203,7.10950803757,925084.4375,0.126038461924,0.0366632267833,0.129900813103,-0.818538546562,4.11195514971E-07,0.139834880829,0.0426721982658,250.704605103,0.0323732048273,1.7038807869,7.58841451898E-07,0.0962055101991,0.0372093170881,4.10243683291E-06,0.0351032838225,0.0696878805757,337828.375,0.0405590385199,0.000793302722741,8.58129747816E-11,0.030084406957,0.00027692320873,0.0452729649842,0.0224900040776,0.000762998941354,0.128434941173,0.0433841571212,0.0257506072521,14258.0205078,502.164733887,0.051686540246,0.268873989582,0.0462859421968,0.143995523453,291.448638916,0.0422488078475,413.283874512,0.0645406916738,287.83416748,0.149411141872,0.0346211157739,0.0200570523739,1.5910367468E-09,10.6328344345,-0.785678982735,0.462931007147,1.80505779213E-07,0.0511523783207,-12.7516307831,0.0869185626507,0.0348162986338,0.0279245804995
BOSSFIGHT,jMM-RWyvEsU,A2020-24,332.371795654,496.998687744,0.000349845795427,0.0837304890156,0.000806322903372,0.0775429233909,0.00152594421525,213.964035034,0.0311709214002,0.0522000007331,0.0203321240842,0.11752679944,0.0268375240266,0.596422851086,0.0320855081081,1.04909729958,0.0320968441665,0.0491331778467,0.0331028364599,0.0312280319631,0.0872441679239,0.0765601545572,0.0305979326367,0.000785995740443,1.65915210459E-08,0.421323299408,5.29636057234E-10,0.0858562663198,0.000239303335547,0.0943844690919,0.0333460345864,0.0838567242026,0.00651295529678,194.891159058,0.0292644705623,0.0311981216073,0.127994462848,133378.625,0.0667783766985,2.53691928576E-10,3.61964103135E-09,0.0531676597893,0.0344086103141,10.7891206741,898591.125,0.0935800895095,0.026797387749,0.082732334733,-0.813291728497,6.63290791181E-07,0.111423552036,0.0282986611128,387.261077881,0.0267778318375,0.488650083542,8.37392576614E-07,0.0632870569825,0.0348892062902,5.48391199118E-06,0.0316018462181,0.0305060707033,272005.84375,0.0344494469464,0.000530692166649,1.22851451234E-10,0.0254654753953,0.00035110936733,0.0433369204402,0.0253189709038,0.000670947134495,0.106740415096,0.0382831655443,0.0294150151312,8091.6015625,307.816009521,0.0633968561888,0.479102611542,0.0376754365861,0.115399710834,350.919921875,0.0351068601012,431.044006348,0.0781918242574,227.385375977,0.0796610713005,0.0339493714273,0.0207022540271,2.6391826502E-09,7.47205877304,-0.779587328434,0.378611117601,3.43109547885E-07,0.0404946357012,-12.0729408264,0.0874008536339,0.0322742760181,0.0288946833462
BOSSFIGHT,L9KCx0p-Sg0,A2020-24,327.127166748,502.859466553,0.000285885878839,0.0696895122528,0.000722137163393,0.0887719094753,0.00149849860463,207.5496521,0.0291790626943,0.0366125479341,0.0194276720285,0.0989182516932,0.0296613443643,0.540104448795,0.0317891053855,1.10883450508,0.0327785201371,0.0486101098359,0.0360744856298,0.0251874476671,0.0982215702534,0.0877717360854,0.0303317941725,0.000794366467744,6.78463951687E-09,0.827107727528,6.08042172168E-10,0.0943222120404,0.000225240000873,0.110601142049,0.0320590622723,0.0871296003461,0.00683758221567,226.905273438,0.0510424040258,0.0328216031194,0.12552562356,139783.375,0.0636454969645,3.48501588698E-10,3.33541860797E-09,0.0493084676564,0.0340587235987,1.7147166729,952805.625,0.0869088172913,0.0341522544622,0.0951617136598,-0.811606585979,5.23105370576E-07,0.137309998274,0.0297505464405,337.971893311,0.0317663997412,-0.128651499748,5.93831373408E-07,0.0872499495745,0.0387678071856,1.99484156838E-06,0.0320989564061,0.0594003014266,296755.4375,0.0340493619442,0.000589416304138,1.88183302274E-10,0.0301037766039,0.000215508160181,0.0441054180264,0.0206185467541,0.000729161023628,0.0837544947863,0.0314760059118,0.0307220276445,14041.0654297,179.087860107,0.0263794716448,0.310087025166,0.040922023356,0.126235961914,426.067993164,0.0453621037304,188.271774292,0.0400794781744,259.862487793,0.14904756844,0.0389996916056,0.0203585457057,1.79146630863E-09,7.53885793686,-0.787352263927,0.378852337599,4.12381751858E-07,0.0468123294413,-13.2376852036,0.0820273086429,0.0349461808801,0.029892578721
BOSSFIGHT,t_dsCpJeX88,A2020-24,367.46395874,561.89831543,0.000355576659786,0.0691630914807,0.000826050352771,0.0657997652888,0.00139359082095,185.354568481,0.0247012302279,0.0357672199607,0.0210789311677,0.113517664373,0.0252122096717,0.449063807726,0.0330938771367,1.60799574852,0.0254550352693,0.0475858263671,0.0378018692136,0.0255456399173,0.0680961087346,0.0778754577041,0.0265328492969,0.000828045594972,1.279549533E-08,0.794696211815,5.49582546139E-10,0.0977410152555,0.00030572412652,0.0985123664141,0.0425165519118,0.0582571364939,0.00862840004265,156.821884155,0.0293118730187,0.0365149080753,0.113512411714,145641.1875,0.0648009926081,3.41734918141E-10,2.46284170835E-09,0.0530306994915,0.0354061387479,3.33412122726,877285.4375,0.108384147286,0.0278544258326,0.114025957882,-0.81262755394,4.60544526959E-07,0.146571233869,0.0294933039695,419.470550537,0.0267828479409,1.02707648277,3.36021997782E-07,0.0602427199483,0.0264438353479,3.49017318513E-06,0.0409092009068,0.0418532602489,293854.875,0.0576486475766,0.0006809491897,1.61148205891E-10,0.0242816843092,0.000368637760403,0.0426086485386,0.0236420277506,0.000949353503529,0.106595434248,0.0553792789578,0.0274749491364,11810.8525391,322.801361084,0.0594262219965,0.484941065311,0.0401964262128,0.122587859631,368.227386475,0.043723076582,387.484008789,0.0769338980317,267.479919434,0.0834459140897,0.0279590524733,0.0213099587709,1.70186853499E-09,10.6250123978,-0.777367293835,0.267169028521,3.28730436649E-07,0.0411652214825,-12.9632987976,0.0887596532702,0.0255706384778,0.0259859785438
BOSSFIGHT,0dPX57ccLRk,A2020-24,268.924102783,418.498596191,0.000366882712115,0.0868031606078,0.000967810105067,0.0906894430518,0.00144824490417,189.808151245,0.0457839518785,0.0435852184892,0.0199527684599,0.0628774166107,0.0921955630183,0.426765114069,0.0325007736683,1.05792403221,0.0633029863238,0.0485424920917,0.0494386665523,0.0318525843322,0.0998624563217,0.0624490529299,0.054153226316,0.000733515596949,1.39944216215E-08,0.789507329464,5.87315085454E-10,0.111804001033,0.000187261481187,0.0872346907854,0.0698972791433,0.0897858887911,0.00532068498433,214.33543396,0.046841301024,0.0692404061556,0.0989561527967,89289.546875,0.0606479644775,3.29009985922E-10,4.77196548943E-09,0.0497286580503,0.0339345559478,1.37254273891,663576.4375,0.0827305465937,0.0558743439615,0.106085672975,-0.810380876064,9.20112597669E-07,0.107244364917,0.0311213228852,191.752731323,0.0889313369989,-0.168282270432,8.11972768133E-07,0.0659756883979,0.0581706911325,1.22362905586E-06,0.045576389879,0.0659350082278,208631.890625,0.0654843151569,0.00038736249553,2.06762690302E-10,0.0536599978805,0.000321148894727,0.0340536572039,0.0184397920966,0.000653607246932,0.0700477063656,0.0581412427127,0.0556207746267,10088.4707031,123.711265564,0.0264172852039,0.224639758468,0.0372005738318,0.118299156427,572.732971191,0.0554761067033,199.062911987,0.0247921217233,271.115997314,0.0539834052324,0.112065210938,0.0204785913229,3.9549772346E-09,4.73727989197,-0.782017529011,0.260023713112,4.04257576747E-07,0.0344334244728,-10.0777664185,0.0829174444079,0.0577678829432,0.051859639585
BOSSFIGHT,CbfqRsCrmkY,A2020-24,289.686004639,434.728118896,0.000221482216148,0.143236786127,0.000531155325007,0.140277951956,0.00173229037318,213.985061646,0.0475754253566,0.0188472233713,0.0171590670943,0.122343584895,0.0134372264147,0.365832298994,0.0277321692556,0.664531052113,0.0456829071045,0.0521752461791,0.0305680353194,0.0526445619762,0.098462857306,0.0626451075077,0.0245814360678,0.000765787321143,1.80496808611E-08,0.548918128014,8.04686428602E-10,0.105645924807,0.000185010867426,0.0910018011928,0.0188778415322,0.105474919081,0.00622085575014,171.818130493,0.0175643451512,0.0175688304007,0.0719408243895,120726.101562,0.0652361139655,4.47802489534E-10,4.49930359636E-09,0.0484340116382,0.0351151376963,4.49412059784,706692,0.118960678577,0.0211252495646,0.105932936072,-0.796912193298,8.10461244782E-07,0.0952102541924,0.0287107527256,264.539154053,0.0145671758801,0.254215121269,9.40431505114E-07,0.0531320422888,0.0148291550577,1.03079423752E-06,0.0346740968525,0.0673028901219,236944,0.0329109802842,0.000397639087168,4.11482764529E-10,0.0314261652529,0.000164775789017,0.0282736439258,0.0178763382137,0.000653147988487,0.107453428209,0.0359013006091,0.0247490499169,10326.4716797,118.408607483,0.0393438525498,0.644376635551,0.036994189024,0.0961005315185,425.269958496,0.0366614498198,757.352661133,0.0722015872598,238.307739258,0.0691010355949,0.017549239099,0.0213232357055,3.31360827666E-09,9.13897705078,-0.790222406387,0.25422540307,4.41113940042E-07,0.03641339764,-13.8777036667,0.079284965992,0.0175513885915,0.0389282293618
BOSSFIGHT,J2S_w7pylpg,A2020-24,281.194335938,424.946746826,0.000212942351936,0.102399073541,0.000561501015909,0.107097283006,0.00147783791181,351.396484375,0.179770663381,0.0237939059734,0.0169043913484,0.103883109987,0.0278039108962,0.512088894844,0.028112128377,0.520655751228,0.188011333346,0.0480091720819,0.0259047839791,0.0403247736394,0.0561165586114,0.0445963405073,0.0410471148789,0.000735778536182,9.39573752134E-09,0.496029913425,7.97574395417E-10,0.0744455829263,0.000161932766787,0.0921859145164,0.0340102910995,0.0502068512142,0.0085068475455,153.238021851,0.031182365492,0.0339702926576,0.0855559706688,118418.179688,0.0649128705263,7.64083463167E-10,5.93162674534E-09,0.0523089393973,0.0333372876048,1.34407651424,799129.9375,0.100428618491,0.02705058828,0.0899544358253,-0.806966304779,1.02309843442E-06,0.0811911821365,0.0199683047831,323.358703613,0.0295512638986,-0.35228395462,7.05144373114E-07,0.0420426763594,0.0488528497517,3.45496391674E-06,0.0693545788527,0.131175130606,238335.6875,0.0267736651003,0.000347232125932,3.72785746716E-10,0.116139031947,0.00033052143408,0.0371618904173,0.0261963792145,0.000570286880247,0.109354153275,0.0332252830267,0.0514066442847,11187.3505859,57.6736869812,0.050959546119,0.180935770273,0.0326663404703,0.0847811102867,488.376373291,0.0258575659245,175.306640625,0.0593593083322,304.059265137,0.0711339861155,0.0402536168694,0.0197481606156,3.46095441195E-09,4.24477052689,-0.782540559769,0.388846337795,5.76341392389E-07,0.0354768149555,-14.5132083893,0.0864281579852,0.0524419285357,0.0264995712787
BOSSFIGHT,l0EYOB-swb4,A2020-24,279.447662354,438.882568359,0.000331959774485,0.140576004982,0.00084608112229,0.117363594472,0.00151383841876,207.688201904,0.0877550393343,0.0224623009562,0.020515434444,0.0695517212152,0.0339320637286,0.513335168362,0.0328316353261,0.549253463745,0.0942248404026,0.049391400069,0.0371015258133,0.0512679181993,0.0619314610958,0.0426668934524,0.0281583629549,0.000732024898753,1.63973545853E-08,1.07385349274,5.75155256755E-10,0.0747153833508,0.000208757104701,0.0825041383505,0.0257156826556,0.0667700245976,0.00693840300664,156.617599487,0.0251864846796,0.0251640491188,0.0733970031142,106186.296875,0.0649725943804,3.38710337555E-10,9.0165608313E-09,0.0529777891934,0.0341274961829,1.7182765007,776632.9375,0.0658305808902,0.0196359306574,0.073487110436,-0.803955316544,1.35104585297E-06,0.0973218157887,0.0142876422033,191.769821167,0.033034414053,0.454541325569,5.99636905463E-07,0.046682652086,0.0270924940705,2.82908968074E-06,0.0532704889774,0.0561517514288,243974.765625,0.0272714663297,0.000438592658611,1.46514730903E-10,0.0773150250316,0.000707848696038,0.0251909568906,0.0239916592836,0.000956537900493,0.0767756402493,0.0271953623742,0.0323254130781,13510.8486328,544.859375,0.0319954119623,0.726508617401,0.0322606191039,0.0954082161188,297.621063232,0.0390331670642,370.96295166,0.0336967147887,263.225067139,0.0789674594998,0.0289920531213,0.0204148925841,5.01462071867E-09,6.43044090271,-0.77787065506,0.251228630543,3.89314891436E-07,0.0330047532916,-9.73045253754,0.0896390303969,0.0272486601025,0.0223051458597
BOSSFIGHT,rshtJBTGNMI,A2020-24,313.947296143,479.161437988,0.00021490205836,0.108487308025,0.000550923054107,0.129630059004,0.00130000628997,244.323394775,0.0222764667124,0.0237638801336,0.016984378919,0.0755066126585,0.065373763442,0.431108564138,0.0277226734906,0.720636963844,0.0286740679294,0.0461386479437,0.0726551786065,0.0408264771104,0.0737591981888,0.0621990896761,0.0225243791938,0.000632357608993,1.85703292743E-08,0.942820191383,5.57375534616E-10,0.0938589796424,0.000310297531541,0.114162959158,0.0297053735703,0.0839450582862,0.0118226278573,160.687744141,0.022375350818,0.0249629672617,0.101854391396,134146.65625,0.066816046834,3.0204030943E-10,2.54084309148E-09,0.0496173389256,0.0324715040624,3.86832880974,755559.4375,0.098462998867,0.0257634371519,0.122164666653,-0.821175575256,5.63421906463E-07,0.120964162052,0.0234313737601,382.188995361,0.0676662027836,1.87308573723,7.91529828348E-07,0.0777296870947,0.0165267791599,5.50938523247E-07,0.0316641926765,0.11746789515,260247.921875,0.0328837409616,0.000693773909006,1.64939090164E-10,0.0223851408809,0.000185739801964,0.0279602687806,0.0257433373481,0.000833114085253,0.0697286948562,0.047234531492,0.0192714929581,12210.8466797,192.185516357,0.0220130551606,0.312995195389,0.0410477556288,0.131726861,388.764007568,0.0748057588935,190.690841675,0.0258271489292,280.315643311,0.09636695683,0.0629360675812,0.0192721113563,2.55070853328E-09,10.7060203552,-0.793366789818,0.352242916822,3.7505614614E-07,0.0459450446069,-15.4226865768,0.0833030790091,0.015070178546,0.0247356668115
BOSSFIGHT,xmsL_fKE8A0,A2020-24,279.210632324,428.5262146,0.000272034551017,0.0761109665036,0.000666317879222,0.0713112577796,0.00135456921998,226.902313232,0.0562780871987,0.0205477513373,0.0190716255456,0.102723285556,0.0191247239709,0.512105584145,0.0306394714862,0.812953591347,0.0542289689183,0.0470592938364,0.0251042023301,0.0283018313348,0.076677583158,0.040880702436,0.0277113709599,0.000693221518304,6.53817266993E-09,0.752016305923,8.5675122552E-10,0.0929966792464,0.000176769448444,0.0859450399876,0.0227588620037,0.0994798019528,0.00652359053493,198.984771729,0.0233659744263,0.0212573986501,0.10244692862,110533.351562,0.0666098892689,5.63293967026E-10,1.99653626964E-09,0.0496793165803,0.033133469522,1.77527451515,763852.125,0.0952721014619,0.0214600488544,0.0861530676484,-0.814340233803,4.2045209625E-07,0.099695622921,0.0129720671102,329.867462158,0.0201322305948,0.13663983345,3.71611804439E-07,0.0422805733979,0.0264715924859,0.0000020652692001,0.0444821901619,0.0512350797653,248299.015625,0.0257940925658,0.000392714369809,2.55662963022E-10,0.0636544898152,0.000324731256114,0.0279942750931,0.0246647521853,0.000690233369824,0.0881930813193,0.0259342025965,0.0253361221403,14838.3017578,112.84703064,0.044475056231,0.487198024988,0.0329034365714,0.0916513875127,408.455322266,0.0254356525838,345.084564209,0.0668716430664,241.195556641,0.0458623804152,0.0263266544789,0.0199807230383,1.98034588728E-09,6.38668727875,-0.784358501434,0.309442937374,5.60668979688E-07,0.0343552529812,-11.2143850327,0.0828901156783,0.0262893866748,0.0300523899496
BOSSFIGHT,_aLxnMuwFxA,A2020-24,352.002044678,535.565673828,0.000339268910466,0.0704153105617,0.00075049768202,0.0854967832565,0.00157461722847,217.606216431,0.0408156737685,0.0452938005328,0.0214054398239,0.0988068878651,0.100400745869,0.52536469698,0.0329929403961,0.715970158577,0.0510800629854,0.050338730216,0.0478087440133,0.0269992221147,0.077574275434,0.0794156640768,0.0475357025862,0.000885291490704,1.7381813322E-08,0.672380566597,1.44990497386E-09,0.100653029978,0.000340101862093,0.0944589748979,0.0545597560704,0.0804247185588,0.00830056052655,151.03237915,0.0425034165382,0.0548695251346,0.124610945582,122378.367188,0.0686518400908,3.79981435206E-10,4.59669680097E-09,0.0522818267345,0.0368002764881,2.53103423119,980768.25,0.100824438035,0.0409993156791,0.113864950836,-0.81044626236,9.00201996501E-07,0.106734581292,0.0328632332385,259.07244873,0.0999767333269,-0.124649405479,8.79230015016E-07,0.0622258782387,0.0498980507255,3.34048718287E-06,0.0378864370286,0.0358616299927,254276.625,0.0377012863755,0.000701021694113,2.27539181941E-10,0.044778175652,0.000422326673288,0.0344280004501,0.0190284699202,0.000564937770832,0.119306512177,0.0419766232371,0.0477740466595,8459.94628906,94.7075042725,0.0415837578475,0.411465883255,0.0341600999236,0.12241435051,264.981140137,0.0537340901792,227.502822876,0.0394878946245,223.658493042,0.0791161730886,0.0664532482624,0.0223010275513,5.88442317095E-09,4.53283405304,-0.780930042267,0.30466529727,7.66366667904E-07,0.0379995703697,-9.95764255524,0.0872944146395,0.0512104853988,0.028738392517
BOSSFIGHT,TaV00MM1UZw,A2020-24,277.432373047,439.053466797,0.00026943749981,0.140243723989,0.000739666516893,0.169471472502,0.00133516138885,179.089920044,0.0478426963091,0.0330442488194,0.018382281065,0.0711358636618,0.121503897011,0.382250875235,0.0304117538035,1.72916221619,0.0839633345604,0.0467908717692,0.0683887377381,0.0506547167897,0.0968622416258,0.0580877549946,0.0470925755799,0.000710951571818,5.49821077556E-09,1.18878722191,1.3867882398E-09,0.108444191515,0.00010965866386,0.10029181838,0.0561926923692,0.110533967614,0.00798447895795,126.438270569,0.0473356023431,0.0588458888233,0.100608497858,88698.0078125,0.0618434809148,2.43459558069E-10,3.04745939594E-09,0.0481105484068,0.0336884744465,1.07171428204,709085.5,0.086826056242,0.0581379495561,0.0954280719161,-0.816804409027,6.11908888004E-07,0.132018893957,0.0299843735993,183.023529053,0.108145728707,0.0255017280579,3.75812021502E-07,0.0780983418226,0.0509741455317,1.37683673529E-06,0.0353334844112,0.0706431791186,207601.203125,0.0397621616721,0.000254131824477,1.24754914732E-10,0.0670403838158,0.000372283626348,0.0310083571821,0.0179705452174,0.000919726560824,0.069542221725,0.0361169874668,0.0531385168433,10709.2382812,230.41897583,0.0224354173988,0.164536967874,0.0348789207637,0.149118736386,287.009155273,0.0711225196719,136.708816528,0.021938951686,212.820907593,0.0858815684915,0.104360371828,0.0200366787612,2.89140289489E-09,5.23369073868,-0.790498018265,0.228741928935,8.00687303126E-07,0.0406724661589,-13.479054451,0.0810794457793,0.0497676581144,0.0308615043759
